Year,Quarter,Class,Title,Instructor,Students,AverageGPA,A,A-,B+,B,B-,C+,C,C-,D+,D,D-,F,W
2010,Fall,ACCTG 225,Managerial Acctg,"Adams, Helen D.",178,2.9,5,51,15,29,45,7,12,2,2,2,1,2,5
2010,Fall,ARCHY 101,Exploring Archy,"Johnson, Jack A",221,3.1,35,76,37,19,13,13,8,8,1,1,1,6,3
2010,Fall,ART H 201,Surv West Art-Anc,"Laird, Margaret L",255,2.9,10,66,37,47,39,19,11,4,1,1,1,8,11
2010,Fall,ART H 233,Native Art Pnw,"Bunn-Marcuse, Katie",139,3,3,49,28,17,16,5,7,1,3,1,1,3,5
2010,Fall,ASTR 101,Astronomy,"Larson, Ana M.",239,3,46,58,28,35,25,9,10,5,3,2,2,8,8
2010,Fall,BIO A 201,Prin Biologcl Anth,"Kushnick, Geoff",144,2.8,13,37,21,13,19,9,9,3,4,4,3,5,4
2010,Fall,BIOC 405,Intro To Biochem,"Hurley, James B",723,2.8,46,104,106,99,154,86,62,36,10,5,3,1,11
2010,Fall,BIOC 440,Biochemistry,"Klevit, Rachel",320,2.9,44,70,37,26,56,21,13,13,10,3,3,7,17
2010,Fall,BIOL 118,Survey Of Physiol,"Petersen, Karen E",389,2.9,27,52,95,85,44,26,14,19,3,7,3,5,9
2010,Fall,BIOL 180,Intro Biology,"Freeman, Scott",678,2.9,59,103,121,130,104,61,35,19,15,6,3,7,15
2010,Fall,BIOL 200,Intro Biol,"Schivell, Amanda",381,2.7,26,65,35,57,61,35,29,32,14,5,2,7,13
2010,Fall,BIOL 350,Foundtns Physiology,"Kennedy, Michael L",126,2.6,8,21,16,15,17,15,13,3,6,1,3,7,1
2010,Fall,BIOL 462,Adv Animal Phys,"Wenderoth, Mary P",102,2.5,7,7,14,14,13,11,8,12,4,2,2,4,4
2010,Fall,CHEM 142,General Chemistry,"Campbell, Charles T",517,2.7,42,124,56,50,54,55,26,31,21,17,5,23,13
2010,Fall,CHEM 142,General Chemistry,"Carroll, Andrea D.",503,2.5,34,46,62,67,96,29,50,37,21,15,9,17,20
2010,Fall,CHEM 142,General Chemistry,"Chilana, Ashvi",375,2.8,23,57,53,52,70,43,33,23,5,5,1,3,7
2010,Fall,CHEM 162,General Chemistry,"Craig, Colleen",287,2.8,7,39,59,43,58,27,22,20,3,2,1,2,4
2010,Fall,CHEM 237,Organic Chemistry,"Boydston, Andrew Jackson",391,2.7,16,64,59,46,67,28,27,54,1,2,5,1,21
2010,Fall,COM 201,Intro To Comm I,"Domke, David S.",425,2.8,10,70,89,85,89,29,18,20,6,1,1,4,3
2010,Fall,CSE 142,Computer Prgrmng I,"Stepp, Martin",294,2.7,29,56,35,35,42,21,13,9,5,1,2,23,23
2010,Fall,CSE 142,Computer Prgrmng I,"Stepp, Martin",320,2.7,29,71,35,29,41,25,12,12,5,5,2,25,29
2010,Fall,CSE 143,Computer Prgrmng Ii,"Reges, Stuart",247,2.6,20,49,29,32,24,23,13,9,3,6,6,19,14
2010,Fall,ECON 200,Intro Microecon,"Salehi-Esfahani, Haideh",486,3,38,71,108,110,71,25,16,5,6,3,5,8,20
2010,Fall,ECON 200,Intro Microecon,"Ellis, Gregory M.",392,3.1,33,126,76,61,39,13,7,14,2,3,1,12,5
2010,Fall,ENVIR 100,Environmntl Foundatn,"Bauman, Yoram K",189,2.9,13,37,31,37,34,9,8,1,7,1,2,3,6
2010,Fall,ESRM 100,Environmental Sci,"Harrison, Robert B",156,3.3,68,24,12,13,13,2,6,6,1,5,1,1,4
2010,Fall,ESS 102,Space&Space Travel,"Prager, James R.",177,2.8,22,46,20,21,19,10,9,5,5,3,1,11,5
2010,Fall,GENOME 371,Intro Genetics,"Raghuraman, M. K.",188,2.7,20,27,26,16,26,15,15,13,4,4,4,7,11
2010,Fall,HSTAA 101,Surv Hist Of U S,"Rorabaugh, William J",143,3,8,35,24,25,30,2,5,4,2,1,1,2,4
2010,Fall,LING 100,Fund Of Grammar,"Zagona, Karen",186,3.1,30,55,17,28,22,7,8,2,4,3,1,5,4
2010,Fall,LING 200,Intro Ling Thought,"Mcgarrity, Laura W",220,2.9,42,52,31,14,22,17,10,10,4,3,3,8,4
2010,Fall,MATH 111,Algebra With Appl,"Taggart, Jennifer",191,2.8,32,39,15,19,23,15,12,11,5,7,2,6,5
2010,Fall,MATH 111,Algebra With Appl,"Taggart, Jennifer",194,3.1,47,45,21,24,17,6,12,10,4,2,1,2,3
2010,Fall,MATH 120,Precalculus,"Loveless, Andrew",191,2.8,19,45,17,26,42,2,6,11,2,5,3,8,5
2010,Fall,MATH 120,Precalculus,"Conroy, Matthew",182,2.5,17,30,22,22,22,2,9,12,7,6,5,17,11
2010,Fall,MATH 120,Precalculus,"Conroy, Matthew",144,2.6,14,29,20,14,25,1,5,8,7,2,2,13,4
2010,Fall,MATH 124,Calc Analyt Geom I,"Taggart, Jennifer",88,2.6,8,9,11,8,18,6,8,4,6,1,3,1,5
2010,Fall,MATH 126,Calc Anyl Geom Iii,"Conroy, Matthew",193,2.8,16,35,30,33,23,12,11,6,6,6,3,6,6
2010,Fall,MATH 126,Calc Anyl Geom Iii,"Duchamp, Thomas E",196,2.8,17,33,31,32,27,8,15,8,3,6,2,4,10
2010,Fall,MATH 307,Intro To Diff Eq,"Sylvester, John",47,2.7,7,4,5,7,9,2,4,1,2,1,2,1,2
2010,Fall,MGMT 200,Introduction To Law,"Bergstrom, Tod",181,3,26,38,25,24,27,16,11,1,1,3,3,1,5
2010,Fall,MICROM 301,Gen Microbiology,"Mougous, Joseph D",207,2.5,20,22,18,20,25,30,18,12,9,10,3,10,10
2010,Fall,MICROM 410,Fund Of Gen Micro I,"Parsek, Matthew R",196,2.4,27,17,12,17,30,20,18,15,8,10,4,16,2
2010,Fall,MUSIC 116,Elem Music Theory,"Kappy, David L",178,2.3,30,24,20,9,14,7,2,3,6,10,5,31,17
2010,Fall,PHIL 100,Intro To Philosophy,"Baker, Ann",167,2.8,25,26,20,22,19,12,11,10,5,1,4,6,6
2010,Fall,PHIL 242,Medical Ethics,"Goering, Sara L.",180,2.9,7,51,24,33,27,7,6,6,2,4,1,2,10
2010,Fall,PHYS 114,General Physics,"Van Dyck, Robert S. Jr.",183,2.8,23,31,28,20,22,11,8,10,2,6,2,5,15
2010,Fall,PSYCH 101,Intro To Psych,"Passer, Michael W",275,3.1,88,36,39,19,32,24,10,9,6,3,1,6,2
2010,Fall,PSYCH 101,Intro To Psych,"King, Kevin M",260,3.2,68,61,35,27,25,16,8,10,4,1,1,2,2
2010,Fall,PSYCH 101,Intro To Psych,"Mcdermott, Lois J.",236,3.2,58,63,37,21,19,8,8,5,4,2,1,1,9
2010,Fall,PSYCH 101,Intro To Psych,"Passer, Michael W",154,3.2,58,17,22,16,11,11,3,6,5,2,1,1,1
2010,Fall,SOC 110,Survey Sociology,"Pitchford, Susan",177,3,27,40,31,22,22,13,6,2,1,3,2,5,3
2010,Fall,SOC 212,Comp Social Change,"Eger, Maureen A.",179,2.8,14,24,26,34,26,16,17,5,6,2,2,2,5
2010,Fall,SOC 287,Soc Of Sexuality,"Schwartz, Pepper J",477,2.8,20,108,103,59,47,34,33,26,10,8,6,17,6
2010,Fall,SOC 292,Public Schl In Amer,"Wollschleger, Jason",199,2.9,25,46,29,31,22,13,14,5,3,3,1,6,1
2010,Fall,SOC 300,Found Soc Inquiry,"Pettit, Elizabeth M.",187,3.3,97,21,13,19,7,7,3,4,2,2,2,9,1
2010,Fall,SOC 316,Sociological Theory,"Kiser, Edgar",114,2.5,10,27,10,9,15,7,8,5,2,5,4,10,2
2010,Fall,SOC 351,Intimate Relatnshps,"Schwartz, Pepper J",144,2.1,6,10,10,8,10,18,23,20,15,9,4,6,5
2010,Fall,SOC 372,Intro Crim Justice,"Wender, Jonathan M",163,3.1,14,33,35,34,27,4,3,1,3,1,1,1,6
2010,Fall,STAT 220,Basic Statistics,"Dougherty, Dawn",176,3,21,47,25,22,24,8,11,5,2,1,1,6,3
2010,Winter,ACCTG 225,Managerial Acctg,"Adams, Helen D.",166,2.9,6,19,48,37,14,10,8,6,2,1,2,2,11
2010,Winter,ARCH 151,Apprec Of Arch Ii,"Borys, Annmarie",319,3.5,156,79,29,14,12,7,8,2,3,1,3,1,4
2010,Winter,ARCHY 205,Principles Of Archy,"Johnson, Jack A",149,3,14,54,26,15,11,5,2,4,2,1,1,9,5
2010,Winter,ART H 202,West Art Med & Ren,"Lingo, Stuart P",335,3,38,105,79,21,18,15,12,9,6,3,5,16,8
2010,Winter,ASTR 150,The Planets,"Sullivan, Woodruff T Iii",242,2.7,35,30,25,42,34,21,17,10,6,2,10,5,5
2010,Winter,BIOC 441,Biochemistry,"Young, Elton T",248,2.9,19,37,51,49,39,20,9,11,4,2,4,1,2
2010,Winter,BIOL 118,Survey Of Physiol,"Bilgen, Tolga",323,2.5,22,39,31,42,58,22,29,20,13,3,11,19,14
2010,Winter,BIOL 180,Intro Biology,"Naish, Kerry",618,2.7,43,96,83,83,113,72,30,28,20,8,4,12,26
2010,Winter,BIOL 200,Intro Biol,"Ruohola-Baker, Hannele",430,2.9,36,75,70,64,76,42,29,22,7,2,2,1,4
2010,Winter,BIOL 350,Foundtns Physiology,"Wenderoth, Mary P",114,2.7,4,13,16,18,20,12,12,4,1,1,1,3,9
2010,Winter,BIOL 409,Sociobiology,"Wasser, Samuel K",103,2.8,14,13,20,11,8,9,6,7,5,3,3,1,3
2010,Winter,CHEM 142,General Chemistry,"Carroll, Andrea D.",556,2.6,32,76,55,64,96,49,39,45,16,19,5,22,38
2010,Winter,CHEM 142,General Chemistry,"Chilana, Ashvi",280,2.7,14,39,31,42,54,30,22,19,8,4,1,5,11
2010,Winter,CHEM 152,General Chemistry,"Chiu, Daniel T.",545,2.7,9,53,76,105,144,61,49,14,8,2,3,5,16
2010,Winter,CHEM 152,General Chemistry,"Miller, Leah M.",510,2.6,32,43,59,71,95,94,58,24,6,4,1,6,17
2010,Winter,CHEM 162,General Chemistry,"Craig, Colleen",118,2.7,6,21,14,15,23,6,10,9,4,3,2,1,4
2010,Winter,CHEM 220,Principles Chem Ii,"Sasaki, Tomikazu",313,2.7,19,43,40,56,52,28,28,25,3,11,1,5,2
2010,Winter,CHEM 237,Organic Chemistry,"Michael, Forrest",286,2.7,19,31,31,52,50,27,18,20,10,5,3,4,16
2010,Winter,CHEM 238,Organic Chemistry,"Maly, Dustin James",386,2.8,56,45,57,47,54,32,20,44,6,9,1,6,9
2010,Winter,CHEM 456,Physical Chemistry,"Robinson, Bruce H",92,2.9,8,20,11,22,9,6,4,2,2,1,1,3,3
2010,Winter,CLAS 430,Grk & Rom Mythology,"Kamen, Deborah E.",186,3.4,73,60,19,3,5,4,2,3,5,1,1,3,7
2010,Winter,COM 201,Intro To Comm I,"Beam, Randal A",406,2.9,47,82,72,58,59,32,17,16,4,6,6,3,4
2010,Winter,COM 300,Concepts New Media,"Foot, Kirsten A.",86,2.5,6,11,11,10,13,9,3,10,2,3,1,5,2
2010,Winter,CSE 142,Computer Prgrmng I,"Reges, Stuart",257,2.6,25,56,32,27,25,17,17,11,11,4,6,21,5
2010,Winter,CSE 142,Computer Prgrmng I,"Reges, Stuart",252,2.8,20,59,52,26,21,12,20,2,7,5,9,7,12
2010,Winter,CSE 143,Computer Prgrmng Ii,"Stepp, Martin",408,2.8,37,98,53,52,50,31,15,11,11,12,3,13,22
2010,Winter,ECON 200,Intro Microecon,"Ellis, Gregory M.",485,3,31,138,85,83,59,18,12,11,9,3,7,7,22
2010,Winter,ENVIR 100,Environmntl Foundatn,"Bauman, Yoram K",214,2.7,7,29,42,41,33,23,9,8,6,3,3,8,2
2010,Winter,ESS 106,Living With Volcano,"Brand, Brittany D",184,3.1,28,58,22,14,15,6,8,5,3,1,1,7,16
2010,Winter,GENOME 361,Fund Gen & Genomics,"Akey, Joshua M",187,2.7,17,30,16,27,27,20,21,10,7,5,1,4,2
2010,Winter,GEOG 280,Geog And Health,"Mayer, Jonathan D",250,2.8,12,36,54,35,45,25,13,14,3,6,2,3,2
2010,Winter,JAPAN 322,Japan Lit Ii,"Mack, Edward T",54,2.9,5,10,9,12,3,6,2,1,2,1,1,1,1
2010,Winter,LING 200,Intro Ling Thought,"Wright, Richard A.",228,2.6,14,35,31,24,32,25,9,21,8,4,2,13,10
2010,Winter,LING 200,Intro Ling Thought,"Mcgarrity, Laura W",45,2.2,7,4,2,6,2,2,4,7,1,1,3,5,1
2010,Winter,MATH 111,Algebra With Appl,"Nichifor, Alexandra",147,3.2,45,28,23,17,9,6,2,5,2,2,2,1,5
2010,Winter,MATH 112,Business &Econ Calc,"Taggart, Jennifer",155,2.9,28,31,24,15,24,6,4,2,5,8,5,1,2
2010,Winter,MATH 112,Business &Econ Calc,"Taggart, Jennifer",130,2.9,23,24,14,13,21,9,5,7,5,3,2,2,2
2010,Winter,MATH 120,Precalculus,"Conroy, Matthew",144,2.5,11,14,25,17,15,6,16,5,8,3,3,7,14
2010,Winter,MATH 120,Precalculus,"Conroy, Matthew",139,2.6,10,23,21,13,23,3,4,7,3,5,2,9,16
2010,Winter,MATH 124,Calc Analyt Geom I,"Pezzoli, Elena",89,2.8,9,14,11,11,19,4,8,3,2,2,3,1,2
2010,Winter,MATH 125,Calc Analyt Geom Ii,"Loveless, Andrew",87,2.8,15,13,7,17,13,4,3,5,3,1,2,2,2
2010,Winter,MATH 125,Calc Analyt Geom Ii,"Conroy, Matthew",85,2.7,11,22,8,6,7,6,9,3,4,2,2,4,1
2010,Winter,MATH 390,Prob Stat Eng Sci,"Marzban, Caren",51,2.5,4,4,6,6,9,6,5,4,1,1,2,2,1
2010,Winter,MICROM 301,Gen Microbiology,"Anderson, Denise G",185,2.4,16,17,15,19,30,15,15,12,11,7,2,9,17
2010,Winter,MICROM 431,Recomb Dna Tech,"Chandler, Mark S",87,2.5,5,13,15,8,9,10,4,8,3,3,1,5,3
2010,Winter,MUSIC 116,Elem Music Theory,"Saks, Toby",186,3.4,101,29,18,4,5,5,4,4,1,1,1,5,8
2010,Winter,MUSIC 116,Elem Music Theory,"Kappy, David L",184,2.7,30,30,30,17,5,14,10,7,3,5,1,17,15
2010,Winter,PHIL 120,Intro To Logic,"Dumas, Bob Alan",120,2.8,19,16,19,12,13,9,11,2,2,2,4,2,9
2010,Winter,PHYS 114,General Physics,"Cramer, John G",205,3.2,58,32,32,24,10,16,10,2,5,3,1,1,11
2010,Winter,POL S 203,Intro Internatl Rel,"Caporaso, James A",234,3.1,22,89,41,27,18,9,11,5,3,1,1,4,3
2010,Winter,PSYCH 101,Intro To Psych,"Prat, Chantel",431,3.1,161,71,40,24,46,17,20,23,3,11,4,9,2
2010,Winter,PSYCH 101,Intro To Psych,"Mclaughlin, Judith L.",97,2.6,16,8,13,11,8,10,6,6,6,3,2,4,4
2010,Winter,PSYCH 209,Fdmntls Psych Rsch,"Passer, Michael W",200,3.1,38,50,30,21,21,10,7,5,2,2,2,3,9
2010,Winter,SOC 212,Comp Social Change,"Eger, Maureen A.",180,2.6,14,19,28,21,35,21,12,12,4,3,1,6,4
2010,Winter,SOC 300,Found Soc Inquiry,"Tolnay, Stewart",198,3.4,92,17,23,29,11,9,6,1,1,2,1,2,4
2010,Winter,SOC 316,Sociological Theory,"Kiser, Edgar",159,2.7,27,29,14,19,11,10,15,7,1,7,3,12,4
2010,Winter,SOC 364,Women In Soc Struc,"Leupp, Katrina M.",74,2.4,4,5,13,10,11,6,6,1,4,2,2,7,3
2010,Winter,SOC 371,Criminology,"Crutchfield, Robert D",195,3,8,52,54,39,16,6,2,5,3,1,2,3,4
2010,Winter,STAT 390,Prob Stat Eng Sci,"Marzban, Caren",63,2.6,7,7,9,7,10,4,5,2,4,2,1,2,3
2010,Spring,AES 151,Int Amer Eth Groups,"Bonus, Enrique C.",195,2.9,41,44,19,17,18,14,10,8,5,8,4,4,3
2010,Spring,AMATH 352,Linr Alg & Num Anly,"Cain, Nicholas H.",104,2.9,8,26,18,15,13,2,4,2,3,2,3,1,7
2010,Spring,ARCH 150,Apprec Of Arch I,"Huppert, Ann C",406,3.4,164,109,39,19,22,12,10,3,2,2,1,8,15
2010,Spring,ART H 203,Surv West Art-Mod,"Wieczorek, Marek K.",324,2.8,47,55,55,47,38,14,7,7,5,11,5,21,12
2010,Spring,ART H 309,Topics In Art Hist,"Garvey, Dana",33,2.9,10,1,8,2,1,2,1,2,1,1,1,1,2
2010,Spring,ATM S 111,Global Warming,"Wallace, John M",157,2.8,13,29,30,21,16,12,6,13,4,2,5,4,2
2010,Spring,B STR 301,General Anatomy,"Pittack, Catrin",433,3,67,127,55,45,45,25,18,19,11,6,1,8,6
2010,Spring,BIOL 118,Survey Of Physiol,"Bilgen, Tolga",405,2.5,31,50,49,50,55,43,32,33,13,14,11,20,4
2010,Spring,BIOL 180,Intro Biology,"Di Stilio, Veronica",422,2.6,29,63,57,48,63,32,33,30,19,8,4,17,19
2010,Spring,BIOL 200,Intro Biol,"Cooper, Mark S",432,2.7,33,41,60,71,72,54,45,29,12,5,2,2,6
2010,Spring,BIOL 317,Plant Class & Ident,"Olmstead, Richard G.",103,2.7,13,15,8,14,13,8,5,8,3,4,2,3,7
2010,Spring,BIOL 354,Evol And Systematics,"Bergstrom, Carl T",113,2.8,10,25,27,14,10,4,4,4,1,2,1,9,2
2010,Spring,BIOL 355,Fndation Mol Cel Bio,"Parrish, Jay Z",120,2.9,15,29,17,15,13,6,5,9,1,4,3,1,2
2010,Spring,BIOL 454,Entomology,"Sugden, Evan A.",78,2.9,20,15,3,11,7,5,3,5,1,2,1,3,2
2010,Spring,CHEM 142,General Chemistry,"Miller, Leah M.",275,2.6,18,20,31,30,70,33,24,21,3,4,2,9,10
2010,Spring,CHEM 152,General Chemistry,"Craig, Colleen",547,2.6,19,58,70,81,129,58,58,27,21,6,1,11,8
2010,Spring,CHEM 162,General Chemistry,"Carroll, Andrea D.",398,2.6,19,55,54,41,79,36,32,40,11,7,4,13,7
2010,Spring,CHEM 221,Principles Chem Iii,"Finney, Eric E",213,2.5,7,22,17,38,49,21,16,21,9,6,3,2,2
2010,Spring,CHEM 242,Organic Chem Lab,"Clary, Scott T.",427,2.9,52,81,74,55,65,35,23,20,10,3,2,5,2
2010,Spring,COM 202,Intro To Comm Ii,"Coutu, Lisa",418,2.9,64,71,58,59,62,32,25,12,13,4,3,10,5
2010,Spring,COM 238,Rhetoric & Pop Cltr,"Harold, Christine",83,2.9,11,22,13,10,9,2,2,3,3,3,1,3,1
2010,Spring,CSE 142,Computer Prgrmng I,"Limketkai, Benson N",207,2.7,22,54,23,21,20,9,11,6,8,4,2,19,8
2010,Spring,CSE 142,Computer Prgrmng I,"Limketkai, Benson N",221,2.7,21,51,20,32,18,17,19,5,6,5,2,16,9
2010,Spring,CSE 143,Computer Prgrmng Ii,"Reges, Stuart",316,2.7,23,70,31,33,43,15,15,18,7,4,5,20,32
2010,Spring,CSE 190,Current Topics Cse,"Stepp, Martin",297,3,31,97,46,42,25,19,3,7,4,3,2,9,9
2010,Spring,CSE 373,Data Struc/Algorith,"Miller, Jessica K.",82,2.9,8,13,14,10,10,6,4,3,1,1,1,2,9
2010,Spring,ECON 200,Intro Microecon,"Salehi-Esfahani, Haideh",403,2.9,31,64,53,89,72,26,12,10,3,2,4,12,25
2010,Spring,ECON 201,Intro Macroecon,"Salehi-Esfahani, Haideh",363,3.1,52,86,55,75,33,23,10,9,7,2,1,2,8
2010,Spring,ESRM 100,Environmental Sci,"Harrison, Robert B",389,3.3,137,108,34,29,25,18,12,4,2,6,1,6,7
2010,Spring,ESS 102,Space&Space Travel,"Prager, James R.",156,2.8,18,34,24,14,16,16,12,2,1,3,2,7,7
2010,Spring,GENOME 361,Fund Gen & Genomics,"Dunham, Maitreya J",196,2.7,18,24,23,26,40,19,21,13,7,2,1,1,1
2010,Spring,LING 200,Intro Ling Thought,"Mcgarrity, Laura W",221,2.6,31,28,29,24,20,23,8,12,5,8,7,17,9
2010,Spring,MATH 112,Business &Econ Calc,"Nichifor, Alexandra",194,3.1,58,39,21,20,12,10,4,5,7,5,6,1,6
2010,Spring,MATH 125,Calc Analyt Geom Ii,"Bekyel, Ebru",85,2.8,12,14,12,11,14,3,7,3,3,1,2,2,1
2010,Spring,MATH 126,Calc Anyl Geom Iii,"Loveless, Andrew",155,2.8,17,20,11,31,33,12,10,6,3,1,3,3,5
2010,Spring,MATH 126,Calc Anyl Geom Iii,"Conroy, Matthew",153,2.7,33,24,13,16,14,7,11,6,9,4,2,12,2
2010,Spring,MATH 126,Calc Anyl Geom Iii,"Taggart, Jennifer",155,2.9,25,25,14,23,25,15,12,4,3,2,1,1,5
2010,Spring,MATH 300,Math Reasoning,"Taggart, Jennifer",30,2.5,4,4,1,3,4,2,1,2,1,1,1,2,4
2010,Spring,MICROM 301,Gen Microbiology,"Anderson, Denise G",222,2.7,19,28,29,28,37,27,18,8,6,5,1,5,11
2010,Spring,MICROM 445,Medical Virology,"Lagunoff, Michael",172,2.7,20,30,18,22,25,14,12,13,1,5,1,7,4
2010,Spring,MUSIC 116,Elem Music Theory,"Kappy, David L",179,2.8,25,44,28,18,10,6,6,6,4,8,1,11,12
2010,Spring,MUSIC 162,Amer Pop Song,"Dudley, Shannon K.",596,3.3,252,98,72,46,50,17,20,9,7,4,4,4,13
2010,Spring,OPMGT 301,Prin Oper Mgt,"Pilcher, Martha",76,2.9,18,10,16,5,6,4,2,5,2,2,1,3,2
2010,Spring,PHIL 100,Intro To Philosophy,"Goodnick, Elizabeth E",130,3,26,14,18,17,19,11,6,3,3,2,1,2,8
2010,Spring,PHIL 102,Contemp Moral Probs,"Blake, Michael I.",140,2.8,13,22,25,16,28,10,10,8,1,1,2,2,2
2010,Spring,POL S 321,Amer Foreign Policy,"Prakash, Aseem",176,3.2,19,70,43,13,17,3,4,1,1,1,1,2,1
2010,Spring,POL S 361,Us Cts & Civil Lib,"Lovell, George I",108,2.9,18,28,12,10,10,1,4,6,2,3,1,7,6
2010,Spring,PSYCH 101,Intro To Psych,"Osterhout, Lee",424,3.1,115,66,82,37,37,26,14,13,8,2,1,12,11
2010,Spring,PSYCH 101,Intro To Psych,"Passer, Michael W",405,2.9,86,63,57,40,49,22,17,21,15,8,4,17,6
2010,Spring,PSYCH 101,Intro To Psych,"Mclaughlin, Judith L.",105,2.7,17,16,20,2,11,9,8,10,5,1,3,2,1
2010,Spring,PSYCH 200,Comp Anim Behav,"Barash, David P",183,3.1,24,54,26,27,20,7,7,4,4,4,1,1,4
2010,Spring,PSYCH 202,Biopsych,"Voorhies, Ann C",280,2.8,56,39,36,29,35,18,16,18,5,5,4,9,10
2010,Spring,PSYCH 210,Human Sexuality,"Mcdermott, Lois J.",461,3.2,118,102,57,60,40,35,20,14,2,2,1,4,6
2010,Spring,RELIG 220,Intro New Testament,"Williams, Michael A",135,3,5,44,23,16,16,5,5,4,5,2,1,2,7
2010,Spring,SIS 201,Making Of 21st Cent,"Migdal, Joel S",196,3,8,52,54,27,15,9,2,2,1,1,3,6,16
2010,Spring,SOC 270,Social Problems,"Harris, Alexes",235,2.9,16,45,46,44,38,17,6,5,1,1,2,6,8
2010,Spring,SOC 300,Found Soc Inquiry,"Brines, Julie E",142,2.9,12,31,27,23,24,4,6,5,1,2,1,4,2
2010,Spring,SOC 345,Sects And Violence,"Wollschleger, Jason",215,3,27,60,32,32,22,16,5,8,6,1,1,4,1
2010,Spring,SOC 371,Criminology,"Matsueda, Ross L.",111,2.8,14,32,10,8,17,4,7,7,2,3,1,5,1
2010,Summer,BIOL 180,Intro Biology,"Oyarzun, Fernanda X.",173,2.7,10,19,25,23,26,18,9,10,4,2,1,4,22
2010,Summer,CHEM 142,General Chemistry,"Pederson, Kari J.",87,2.5,6,10,8,18,9,9,4,3,2,3,1,7,7
2010,Summer,CHEM 237,Organic Chemistry,"Clary, Scott T.",107,2.8,10,18,17,10,17,9,7,6,2,1,1,1,8
2010,Summer,CHEM 239,Organic Chemistry,"Sasaki, Tomikazu",142,2.5,7,14,17,19,28,11,12,13,8,3,3,3,4
2010,Summer,CSE 142,Computer Prgrmng I,"Wortzman, Brett G B",139,2.6,19,24,11,13,21,4,12,3,7,2,2,11,10
2010,Summer,MICROM 301,Gen Microbiology,"Anderson, Denise G",118,2.7,10,19,15,17,18,9,7,7,4,2,2,3,5
2011,Fall,AFRAM 101,Intro Af-Am Studies,"Retman, Sonnet H.",92,2.9,16,16,18,10,13,2,6,2,3,2,1,2,1
2011,Fall,ANTH 101,Exploring Soc Anthr,"Perez, Michael V",166,3.1,53,29,11,18,15,12,4,5,5,1,4,5,4
2011,Fall,ATM S 101,Weather,"Mass, Clifford F",127,3,26,21,21,22,13,8,5,1,4,1,2,2,1
2011,Fall,B H 401,History Of Medicine,"Berryman, Jack W",52,2.7,4,12,9,6,4,3,2,1,1,3,1,3,3
2011,Fall,BIO A 201,Prin Biologcl Anth,"Kushnick, Geoff",158,2.9,16,43,20,24,14,11,9,7,2,2,2,4,4
2011,Fall,BIOC 440,Biochemistry,"Klevit, Rachel",322,2.8,46,80,39,26,37,20,6,17,11,9,5,13,13
2011,Fall,BIOL 118,Survey Of Physiol,"Petersen, Karen E",383,2.9,40,71,82,72,31,21,12,17,9,5,4,8,11
2011,Fall,BIOL 180,Intro Biology,"Freeman, Scott",687,2.9,53,108,105,115,127,64,47,33,10,3,1,4,17
2011,Fall,BIOL 200,Intro Biol,"Schivell, Amanda",381,2.7,31,49,72,41,64,36,34,14,12,8,5,8,7
2011,Fall,BIOL 350,Foundtns Physiology,"Kennedy, Michael L",129,2.8,8,30,16,17,19,17,7,4,1,1,1,4,4
2011,Fall,BIOL 404,Animal Cell Physiol,"De La Iglesia, Horacio O.",117,2.4,12,8,13,11,15,8,7,7,6,3,6,7,14
2011,Fall,BIOL 453,Cmpr Anat Verts,"Sidor, Christian A.",69,2.6,2,14,15,3,7,8,5,5,3,1,4,1,1
2011,Fall,BIOL 462,Adv Animal Phys,"Wenderoth, Mary P",89,2.4,3,6,8,15,16,11,7,8,3,1,3,5,3
2011,Fall,C LIT 272,Film: Genre,"Braester, Yomi",172,3,18,38,37,23,21,10,5,11,2,1,2,3,1
2011,Fall,CHEM 120,Principles Of Chem I,"Miller, Leah M.",322,2.7,17,55,40,51,59,32,20,11,10,5,3,12,7
2011,Fall,CHEM 142,General Chemistry,"Campbell, Charles T",511,2.7,36,107,74,64,50,33,34,32,15,16,12,25,13
2011,Fall,CHEM 142,General Chemistry,"Carroll, Andrea D.",513,2.5,26,55,62,63,114,53,37,40,14,10,10,19,10
2011,Fall,CHEM 142,General Chemistry,"Robinson, Bruce H",422,2.5,21,39,48,65,79,47,48,28,23,4,8,7,5
2011,Fall,CHEM 152,General Chemistry,"Drobny, Gary P",185,2.9,12,39,40,25,20,12,6,11,6,3,2,3,6
2011,Fall,CHEM 162,General Chemistry,"Bryant, Jasmine R.",281,2.6,15,32,39,31,51,35,23,23,9,7,5,6,5
2011,Fall,CHEM 237,Organic Chemistry,"Andersen, Niels H",388,2.7,20,29,40,64,75,54,54,12,5,1,2,1,31
2011,Fall,CHEM 455,Physical Chemistry,"Maibaum, Lutz G",72,2.8,4,13,9,19,10,7,3,1,1,2,1,1,1
2011,Fall,COM 201,Intro To Comm I,"Domke, David S.",434,2.9,12,69,98,83,87,33,13,19,5,3,3,3,6
2011,Fall,COM 202,Intro To Comm Ii,"Coutu, Lisa",419,2.9,56,76,69,61,54,30,18,22,7,6,12,4,4
2011,Fall,CSE 142,Computer Prgrmng I,"Martin, Helene",333,2.6,16,60,48,41,44,29,17,12,5,4,3,24,30
2011,Fall,CSE 142,Computer Prgrmng I,"Martin, Helene",345,2.7,29,67,49,38,37,41,22,17,5,6,1,19,14
2011,Fall,CSE 143,Computer Prgrmng Ii,"Reges, Stuart",273,2.7,22,58,32,26,31,21,18,12,6,2,2,15,28
2011,Fall,ECON 200,Intro Microecon,"Salehi-Esfahani, Haideh",495,2.9,28,67,105,96,108,43,10,4,8,6,3,4,13
2011,Fall,ECON 200,Intro Microecon,"Ellis, Gregory M.",385,3,16,96,93,71,44,18,7,6,6,2,3,7,16
2011,Fall,ENVIR 100,Environmntl Foundatn,"Straus, Kristina M",196,3.1,26,47,33,32,21,15,6,3,1,2,1,3,6
2011,Fall,GENOME 371,Intro Genetics,"Raghuraman, M. K.",186,2.7,25,28,17,16,22,17,9,17,7,5,6,5,12
2011,Fall,GEOG 123,Intro Globalization,"Sparke, Matthew",323,2.7,37,27,43,70,62,19,14,10,6,4,6,18,7
2011,Fall,HIST 111,The Ancient World,"Walker, Joel T",199,2.9,3,39,42,35,34,9,7,10,1,3,1,3,12
2011,Fall,JAPAN 111,1st-Yr Japanese,"Nishikawa, Itsuko",50,2.7,9,15,2,4,3,2,1,1,1,2,2,5,3
2011,Fall,LING 100,Fund Of Grammar,"Surek-Clark, Clarissa",191,3,44,35,22,21,27,8,8,13,2,2,4,4,1
2011,Fall,LING 200,Intro Ling Thought,"Mcgarrity, Laura W",229,2.7,27,42,25,19,36,18,14,13,11,4,8,8,4
2011,Fall,MATH 111,Algebra With Appl,"Conroy, Matthew",190,2.7,18,35,33,16,25,14,6,12,4,6,3,12,6
2011,Fall,MATH 111,Algebra With Appl,"Taggart, Jennifer",193,2.9,30,25,26,33,28,15,12,8,1,2,3,2,8
2011,Fall,MATH 120,Precalculus,"Conroy, Matthew",169,2.5,12,24,19,29,21,4,6,3,9,5,5,12,20
2011,Fall,MATH 120,Precalculus,"Loveless, Andrew",193,2.8,15,23,27,36,41,12,8,9,4,1,4,5,8
2011,Fall,MATH 124,Calc Analyt Geom I,"Koblitz, Neal I",126,2.3,8,9,9,16,17,13,9,11,9,5,4,4,12
2011,Fall,MATH 125,Calc Analyt Geom Ii,"Burdzy, Krzysztof",127,2.6,10,13,13,16,28,12,10,9,4,3,2,1,6
2011,Fall,MATH 125,Calc Analyt Geom Ii,"Burdzy, Krzysztof",128,2.6,9,14,20,16,19,13,10,9,4,1,3,3,7
2011,Fall,MATH 125,Calc Analyt Geom Ii,"Bekyel, Ebru",128,2.7,8,13,28,22,13,8,6,11,2,3,2,3,9
2011,Fall,MATH 125,Calc Analyt Geom Ii,"Bekyel, Ebru",129,2.9,11,19,32,20,14,6,8,8,2,1,2,1,5
2011,Fall,MATH 308,Matrix Algebra,"King, James R",48,2.8,5,7,14,1,4,3,4,3,2,1,1,1,2
2011,Fall,MATH 308,Matrix Algebra,"Nichifor, Alexandra",50,2.8,10,7,3,7,6,2,5,2,2,1,1,2,2
2011,Fall,MATH 324,Adv Multivar Calc 1,"Folland, Gerald B",49,2.6,12,3,4,1,4,5,3,2,3,1,1,3,7
2011,Fall,MICROM 301,Gen Microbiology,"Mougous, Joseph D",212,2.5,14,17,26,26,35,24,13,11,13,6,4,9,14
2011,Fall,MICROM 410,Fund Of Gen Micro I,"Parsek, Matthew R",186,2.5,31,20,18,13,17,22,11,15,7,8,2,12,10
2011,Fall,MUSIC 116,Elem Music Theory,"Kappy, David L",175,2.9,22,40,22,22,11,9,9,2,6,5,2,5,20
2011,Fall,PHIL 267,Intro Phil Of Relig,"Clatterbaugh, Kenneth C",124,2.7,8,26,16,22,14,6,7,8,2,3,6,3,3
2011,Fall,POL S 201,Intro Pol Theory,"Di Stefano, Christine",229,2.8,28,43,35,34,32,14,12,8,7,3,3,7,3
2011,Fall,POL S 202,Intro To Amer Pol,"Thorpe, Rebecca U",214,3.2,24,87,35,26,17,5,4,3,1,1,2,4,5
2011,Fall,POL S 321,Amer Foreign Policy,"Datta, Robin",40,2.5,3,6,3,4,4,4,5,1,2,2,1,1,4
2011,Fall,PSYCH 101,Intro To Psych,"King, Kevin M",248,2.9,35,53,34,29,34,13,14,15,8,3,2,5,3
2011,Fall,PSYCH 357,Psychobiol Of Women,"Kenney, Nancy J",72,3.1,15,20,11,5,4,4,4,2,2,1,1,2,1
2011,Fall,SOC 110,Survey Sociology,"Pitchford, Susan",230,3.1,49,55,30,23,20,9,7,9,9,1,1,6,11
2011,Fall,SOC 316,Sociological Theory,"Kiser, Edgar",143,2.8,22,18,15,20,29,7,7,9,5,1,2,2,6
2011,Fall,SOC 351,Intimate Relatnshps,"Schwartz, Pepper J",196,2.6,4,20,28,35,40,27,14,4,5,4,1,8,6
2011,Fall,SOC 376,Drugs & Society,"Wender, Jonathan M",148,3,4,37,31,37,15,12,2,3,1,1,1,2,2
2011,Fall,STAT 220,Basic Statistics,"Grove, Ranjini",166,2.7,4,35,26,27,30,11,6,5,3,5,1,9,4
2011,Winter,ANTH 211,Envir Justice,"Pena, Devon G",89,2.9,13,16,14,11,9,7,4,2,1,1,1,3,7
2011,Winter,ARCH 210,Design Drawing I,"Proksch, Gundula",185,2.9,3,29,28,52,29,11,7,4,1,1,1,2,17
2011,Winter,ARCH 351,Romn Gthic Ren Arch,"Mclaren, Brian",157,2.8,19,35,21,16,17,8,12,8,2,3,2,5,9
2011,Winter,ART H 202,West Art Med & Ren,"Lingo, Stuart P",262,3.2,52,83,47,23,23,10,1,2,2,2,3,6,8
2011,Winter,ASTR 101,Astronomy,"Balick, Bruce",237,2.9,8,38,66,56,34,6,8,5,3,3,3,3,4
2011,Winter,ASTR 150,The Planets,"Sullivan, Woodruff T Iii",234,3.1,62,39,30,38,22,14,6,5,5,4,4,4,1
2011,Winter,BIO A 201,Prin Biologcl Anth,"Kushnick, Geoff",197,2.9,21,53,25,24,25,14,11,4,3,7,1,3,6
2011,Winter,BIOC 441,Biochemistry,"Parson, William W",252,2.9,24,45,34,42,43,21,10,11,2,4,1,3,12
2011,Winter,BIOL 118,Survey Of Physiol,"Bilgen, Tolga",415,2.5,28,50,58,39,69,33,29,32,20,9,15,17,16
2011,Winter,BIOL 180,Intro Biology,"Leache, Adam D.",632,2.6,45,82,76,89,101,62,49,45,20,17,8,14,24
2011,Winter,BIOL 200,Intro Biol,"Ruohola-Baker, Hannele",428,2.8,35,63,57,60,91,44,29,18,7,8,4,4,8
2011,Winter,BIOL 350,Foundtns Physiology,"Wenderoth, Mary P",123,2.4,5,11,10,18,22,20,11,8,4,5,2,5,2
2011,Winter,BIOL 476,Conservation Biol,"Tewksbury, Joshua J",122,2.8,8,32,23,14,16,9,3,2,3,5,1,5,1
2011,Winter,CHEM 142,General Chemistry,"Carroll, Andrea D.",558,2.7,23,74,79,92,95,61,42,41,10,10,5,11,15
2011,Winter,CHEM 142,General Chemistry,"Miller, Leah M.",271,2.6,19,33,31,37,54,24,29,20,11,5,2,4,2
2011,Winter,CHEM 152,General Chemistry,"Chiu, Daniel T.",459,2.7,12,52,58,94,97,52,33,32,11,4,6,3,5
2011,Winter,CHEM 220,Principles Chem Ii,"Sasaki, Tomikazu",310,2.6,20,38,37,33,61,43,35,22,7,5,3,1,5
2011,Winter,CHEM 237,Organic Chemistry,"Michael, Forrest",324,2.6,28,26,39,44,61,30,35,23,11,5,6,5,11
2011,Winter,CHEM 238,Organic Chemistry,"Finney, Eric E",359,2.6,28,62,45,39,32,44,37,26,15,11,8,11,1
2011,Winter,CHEM 241,Organic Chem Lab,"Clary, Scott T.",566,3,51,116,126,83,78,52,20,21,7,2,2,5,3
2011,Winter,CLAS 430,Grk & Rom Mythology,"Hollmann, Alexander J",229,3.1,37,45,59,16,33,11,5,11,1,5,1,1,4
2011,Winter,COM 201,Intro To Comm I,"Beam, Randal A",408,3.2,92,89,62,59,45,27,8,5,3,6,1,3,8
2011,Winter,COM 220,Intro To Public Spk,"Mcgarrity, Matt",155,2.9,8,32,24,26,30,12,10,2,3,2,1,2,3
2011,Winter,CSE 142,Computer Prgrmng I,"Reges, Stuart",313,2.6,25,51,40,40,45,23,12,17,9,3,3,28,17
2011,Winter,CSE 142,Computer Prgrmng I,"Reges, Stuart",325,2.7,28,61,45,39,47,16,16,14,11,10,6,16,16
2011,Winter,CSE 143,Computer Prgrmng Ii,"Stepp, Martin",248,2.8,24,50,25,40,47,12,17,10,5,4,1,5,8
2011,Winter,CSE 143,Computer Prgrmng Ii,"Stepp, Martin",245,2.7,24,30,29,35,48,16,18,21,2,5,1,7,9
2011,Winter,ECON 200,Intro Microecon,"Ellis, Gregory M.",472,3,27,118,100,93,64,10,9,13,6,3,6,4,19
2011,Winter,ECON 200,Intro Microecon,"Salehi-Esfahani, Haideh",434,3,45,77,80,85,86,23,16,2,2,6,1,4,7
2011,Winter,ESRM 100,Environmental Sci,"Harrison, Robert B",471,3.3,99,176,76,44,28,18,8,5,2,2,3,3,7
2011,Winter,ESS 210,Physical Geology,"Crider, Juliet",39,2.9,1,13,6,6,3,1,3,1,1,1,1,1,1
2011,Winter,GEOG 270,Geog Dvlp & Enviro,"Bergmann, Luke R.",70,2.8,11,18,9,5,4,2,7,5,1,2,1,4,1
2011,Winter,JAPAN 112,1st-Yr Japanese,"Nishikawa, Itsuko",42,2.5,7,6,5,3,4,1,1,3,3,1,1,5,2
2011,Winter,LING 200,Intro Ling Thought,"Mcgarrity, Laura W",234,2.8,51,30,25,27,30,11,10,12,6,4,6,13,9
2011,Winter,MATH 111,Algebra With Appl,"Nichifor, Alexandra",161,3.1,43,35,19,8,18,9,8,9,4,3,2,1,2
2011,Winter,MATH 111,Algebra With Appl,"Nichifor, Alexandra",162,3.3,38,42,36,10,17,6,5,3,1,1,1,1,1
2011,Winter,MATH 112,Business &Econ Calc,"Taggart, Jennifer",126,2.9,23,33,10,11,10,6,9,8,6,1,6,1,2
2011,Winter,MATH 120,Precalculus,"Conroy, Matthew",145,2.4,9,12,25,21,19,4,11,16,4,4,3,11,6
2011,Winter,MATH 120,Precalculus,"Conroy, Matthew",148,2.3,8,17,11,20,28,7,5,12,7,6,4,17,6
2011,Winter,MATH 125,Calc Analyt Geom Ii,"Koblitz, Neal I",111,2.8,6,17,9,16,27,8,8,4,2,2,1,1,10
2011,Winter,MATH 125,Calc Analyt Geom Ii,"Conroy, Matthew",118,2.6,15,15,15,19,10,3,9,8,4,5,2,6,7
2011,Winter,MATH 125,Calc Analyt Geom Ii,"Bube, Kenneth P",119,3.1,23,24,24,12,14,6,4,3,2,1,1,1,4
2011,Winter,MICROM 301,Gen Microbiology,"Anderson, Denise G",233,2.6,21,33,28,25,30,27,15,17,10,7,1,11,8
2011,Winter,MICROM 450,Molec Biol Vir,"Champoux, James J",65,2.8,16,8,8,4,3,7,6,6,1,2,1,1,2
2011,Winter,MUSIC 116,Elem Music Theory,"Saks, Toby",222,3.3,124,20,24,6,5,6,4,6,2,3,1,13,8
2011,Winter,MUSIC 116,Elem Music Theory,"Kappy, David L",176,3.1,36,41,24,15,8,6,9,10,1,1,2,4,19
2011,Winter,PHIL 114,Phil Issues In Law,"Moore, Ronald M",130,2.8,21,26,15,19,10,4,9,7,5,6,2,2,4
2011,Winter,POL S 201,Intro Pol Theory,"Turner Iii, Jack",146,2.9,7,27,35,26,15,6,8,7,2,1,2,3,7
2011,Winter,POL S 202,Intro To Amer Pol,"Murakawa, Naomi D.",235,3.3,28,103,44,18,26,3,3,1,2,1,1,3,2
2011,Winter,POL S 203,Intro Internatl Rel,"Caporaso, James A",236,3.1,31,78,28,27,28,8,14,6,6,2,2,3,3
2011,Winter,POL S 361,Us Cts & Civil Lib,"Lovell, George I",94,2.8,16,22,11,7,7,9,5,4,1,3,3,4,2
2011,Winter,PSYCH 101,Intro To Psych,"Prat, Chantel",433,3.5,253,66,32,19,20,14,8,4,3,3,3,1,7
2011,Winter,PSYCH 101,Intro To Psych,"Mclaughlin, Judith L.",108,2.8,21,13,16,10,13,8,9,4,4,2,1,3,4
2011,Winter,PSYCH 202,Biopsych,"Voorhies, Ann C",278,2.9,61,37,29,30,42,16,16,13,5,7,2,7,13
2011,Winter,PSYCH 205,Behavior Disorders,"Chun, Deborah Y.",76,2.6,7,10,8,8,8,9,7,2,3,2,1,4,7
2011,Winter,PSYCH 209,Fdmntls Psych Rsch,"Passer, Michael W",192,3.2,46,50,32,18,21,7,8,2,1,2,1,2,2
2011,Winter,PSYCH 322,Intro Drugs & Behav,"Diaz, Jaime",142,3.4,72,27,8,7,8,4,5,2,1,1,1,2,4
2011,Winter,Q SCI 292,Anlys For Biol 2,"Johnson, Jay Allan",69,2.7,12,12,8,4,8,4,9,2,3,1,3,2,1
2011,Winter,SOC 247,Contemp Soc Mvmnts,"Pettinicchio, David",55,2.9,8,19,5,6,3,3,1,2,1,1,1,4,1
2011,Winter,SOC 275,Murder,"Weis, Joseph G",343,2.8,29,71,50,36,47,33,19,21,10,10,3,7,7
2011,Winter,SOC 371,Criminology,"Matsueda, Ross L.",195,2.9,23,34,57,31,8,6,7,10,2,3,3,8,3
2011,Winter,SOC 374,Law And Society,"Wender, Jonathan M",130,2.9,7,22,26,40,17,6,1,3,1,2,2,2,1
2011,Spring,ART 208,Surv Of Design Hist,"Ozubko, Christopher",140,3.2,26,55,24,10,6,3,2,1,2,2,4,4,1
2011,Spring,ART H 203,Surv West Art-Mod,"Casteras, Susan P.",315,3.3,140,49,42,25,15,13,5,4,5,3,3,6,5
2011,Spring,ASTR 150,The Planets,"Smith, Toby R.",252,3.2,34,78,57,23,26,12,6,4,3,2,2,2,3
2011,Spring,ATM S 111,Global Warming,"Frierson, Dargan M",212,3,40,39,32,28,21,15,5,8,6,7,4,2,5
2011,Spring,B STR 301,General Anatomy,"Pittack, Catrin",426,2.9,49,105,60,50,42,24,28,23,7,7,4,9,18
2011,Spring,BIOL 118,Survey Of Physiol,"Bilgen, Tolga",402,2.5,33,55,48,35,66,26,26,23,20,12,16,20,22
2011,Spring,BIOL 180,Intro Biology,"Naish, Kerry",456,2.7,35,64,61,61,72,36,39,28,20,10,5,11,14
2011,Spring,BIOL 317,Plant Class & Ident,"Olmstead, Richard G.",110,2.6,17,16,7,10,16,6,15,12,2,1,2,4,2
2011,Spring,CHEM 142,General Chemistry,"Bryant, Jasmine R.",277,2.7,22,33,24,37,62,30,11,19,10,8,1,6,14
2011,Spring,CHEM 152,General Chemistry,"Craig, Colleen",625,2.8,36,106,103,106,101,61,44,29,6,3,6,13,11
2011,Spring,CHEM 162,General Chemistry,"Turecek, Frantisek",384,2.7,13,44,50,63,96,47,39,18,5,1,3,1,4
2011,Spring,CHEM 221,Principles Chem Iii,"Finney, Eric E",211,2.6,15,36,24,23,36,20,13,17,10,11,1,3,2
2011,Spring,CHEM 238,Organic Chemistry,"Andersen, Niels H",280,2.7,16,40,34,18,67,32,42,16,4,2,1,1,7
2011,Spring,CHEM 239,Organic Chemistry,"Clary, Scott T.",248,2.7,21,37,35,25,40,27,12,15,7,4,2,5,18
2011,Spring,CHEM 239,Organic Chemistry,"Sasaki, Tomikazu",357,2.6,24,41,47,33,65,43,31,34,11,8,1,4,15
2011,Spring,CHEM 242,Organic Chem Lab,"Sasaki, Tomikazu",208,2.9,16,48,31,28,29,22,10,8,7,5,2,1,1
2011,Spring,CLAS 430,Grk & Rom Mythology,"Topper, Kathryn R.",194,2.9,21,57,34,10,17,9,10,5,1,1,4,9,16
2011,Spring,CSE 142,Computer Prgrmng I,"Martin, Helene",215,2.6,28,32,24,16,18,29,15,12,1,7,1,14,18
2011,Spring,CSE 143,Computer Prgrmng Ii,"Reges, Stuart",369,2.6,30,63,45,47,53,30,13,20,10,11,2,28,17
2011,Spring,CSE 373,Data Struc/Algorith,"Limketkai, Benson N",113,2.7,9,19,12,23,16,6,9,3,3,2,1,5,5
2011,Spring,ENV H 311,Intro To Env Health,"Treser, Charles D.",124,3,13,39,18,9,13,9,5,3,3,5,1,2,4
2011,Spring,ESRM 100,Environmental Sci,"Harrison, Robert B",549,3.2,135,158,89,48,36,27,12,7,9,3,4,8,13
2011,Spring,GEOG 271,Geog Food & Eating,"Jarosz, Lucy A.",177,2.6,4,42,16,25,30,16,9,7,6,6,6,9,1
2011,Spring,HSERV 100,Prsnl & Public Hlth,"Mackenzie, Sara Louise",149,3,33,32,20,14,11,8,12,6,2,3,2,1,5
2011,Spring,JAPAN 113,1st-Yr Japanese,"Nishikawa, Itsuko",38,2.6,2,9,7,5,1,1,3,2,2,2,1,2,1
2011,Spring,LING 100,Fund Of Grammar,"Surek-Clark, Clarissa",182,2.9,31,34,31,16,28,14,10,6,1,2,6,2,1
2011,Spring,LING 200,Intro Ling Thought,"Aldridge, Edith",126,2.5,17,12,15,13,13,11,6,6,4,6,5,10,8
2011,Spring,LING 200,Intro Ling Thought,"Mcgarrity, Laura W",38,2.5,4,7,4,4,1,1,3,1,1,2,2,3,5
2011,Spring,LING 233,Language & Society,"Evans, Betsy E",131,2.6,15,21,16,19,21,6,2,8,5,2,1,11,4
2011,Spring,MATH 112,Business &Econ Calc,"Loveless, Andrew",198,3.1,43,44,27,23,21,12,9,7,3,3,2,1,3
2011,Spring,MATH 124,Calc Analyt Geom I,"Yuan, Yu",115,2.5,14,7,11,7,32,7,4,10,5,4,4,4,6
2011,Spring,MATH 125,Calc Analyt Geom Ii,"Perkins, Patrick",116,2.6,5,18,20,12,16,6,13,3,11,5,2,2,3
2011,Spring,MATH 126,Calc Anyl Geom Iii,"Taggart, Jennifer",157,2.8,8,31,22,20,27,17,10,11,2,4,1,2,2
2011,Spring,MATH 126,Calc Anyl Geom Iii,"Taggart, Jennifer",145,2.8,20,18,19,21,27,12,7,5,2,3,4,5,2
2011,Spring,MICROM 301,Gen Microbiology,"Anderson, Denise G",216,2.7,18,36,25,26,35,14,16,10,7,4,1,10,14
2011,Spring,MICROM 412,Prokaryotic Divers,"Leigh, John A",107,2.8,8,13,14,22,17,14,8,3,3,2,1,1,1
2011,Spring,MICROM 445,Medical Virology,"Smith, Jason G",184,2.8,16,32,32,23,27,8,11,17,6,2,1,3,6
2011,Spring,MUSIC 331,History Of Jazz,"Collier, Thomas W",42,2.5,3,3,5,7,3,4,5,2,2,2,1,1,4
2011,Spring,PHIL 100,Intro To Philosophy,"Peeters, Jonathan D.",168,2.6,7,29,30,27,21,14,6,7,6,3,3,10,5
2011,Spring,PHIL 120,Intro To Logic,"Weller, Cass",214,3,49,46,32,26,9,6,6,1,3,7,4,9,16
2011,Spring,PHYS 122,Electromagnetism,"Gupta, Subhadeep",149,3,28,29,19,23,24,9,2,4,1,2,2,2,4
2011,Spring,PHYS 123,Waves,"Pedigo, R. Daryl",196,2.9,21,24,37,39,31,22,8,7,2,1,1,2,1
2011,Spring,POL S 203,Intro Internatl Rel,"Mercer, Jonathan L.",217,2.9,18,49,34,31,35,13,10,9,1,1,4,8,4
2011,Spring,POL S 407,Internatl Conflict,"Kier, Elizabeth",76,2.9,15,13,11,8,5,3,8,2,3,1,1,3,3
2011,Spring,PSYCH 101,Intro To Psych,"Passer, Michael W",355,2.8,78,53,49,26,32,30,18,11,15,6,3,21,13
2011,Spring,PSYCH 101,Intro To Psych,"Osterhout, Lee",383,3,83,48,78,49,34,24,12,22,10,4,2,10,7
2011,Spring,PSYCH 202,Biopsych,"Voorhies, Ann C",286,3.1,90,44,44,26,25,13,12,4,3,6,3,10,6
2011,Spring,PSYCH 205,Behavior Disorders,"Chun, Deborah Y.",60,2.6,5,4,8,10,7,5,4,5,1,2,1,2,6
2011,Spring,PSYCH 210,Human Sexuality,"Mcdermott, Lois J.",473,3.1,105,101,71,44,58,25,30,13,7,3,1,4,11
2011,Spring,PSYCH 318,Stat Inference,"Loftus, Geoffrey R",65,2.9,18,13,3,4,6,7,2,2,2,2,2,3,1
2011,Spring,Q SCI 381,Intro Probabil&Stat,"Bare, Bruce",143,2.9,29,43,18,5,11,5,5,4,2,5,3,9,4
2011,Spring,QMETH 201,Intro To Stat Mthds,"Studer-Ellis, Erich",117,2.7,8,15,15,27,14,10,9,8,5,2,1,2,1
2011,Spring,SOC 271,Soc Deve/Soc Cntrl,"Weis, Joseph G",124,2.6,10,16,12,18,21,15,9,4,4,5,2,5,3
2011,Spring,SOC 316,Sociological Theory,"Pfaff, Steven J.",99,2.5,7,11,10,14,15,9,8,7,4,3,1,6,4
2011,Spring,SOC 371,Criminology,"Matsueda, Ross L.",149,2.7,17,27,19,18,14,8,9,12,5,6,5,3,6
2011,Spring,STAT 221,Stat For Soc Sci,"Clark, Samuel J.",100,3.2,14,35,25,7,7,1,1,1,1,2,2,1,3
2011,Spring,STAT 311,Elemnts Stat Method,"Cardoso, Tamre",117,2.9,13,28,13,18,11,8,4,8,4,1,3,2,4
2011,Summer,BIOL 220,Intro Biol,"Zeman, Leslie B.",171,2.7,8,19,22,27,35,22,11,16,3,1,2,1,4
2011,Summer,CHEM 162,General Chemistry,"Carroll, Andrea D.",116,2.6,5,10,11,22,24,12,15,9,3,2,1,1,1
2011,Summer,CHEM 239,Organic Chemistry,"Sasaki, Tomikazu",171,2.3,7,8,15,15,36,24,22,20,8,8,3,1,4
2011,Summer,GENOME 361,Fund Gen & Genomics,"Cheong, Frances Ka Yan",186,2.6,15,27,25,19,24,26,7,14,11,2,1,5,10
2011,Summer,PHYS 114,General Physics,"Reid, James H",83,2.7,8,11,11,9,12,15,7,1,1,2,1,2,3
2011,Summer,PSYCH 202,Biopsych,"Voorhies, Ann C",52,3,11,9,6,6,8,4,1,1,1,1,1,1,2
2012,Fall,ARCH 350,Arch Ancient World,"Iarocci, Louisa M",160,2.8,3,24,39,30,18,14,8,5,2,2,1,5,9
2012,Fall,ASTR 101,Astronomy,"Larson, Ana M.",277,3.2,30,102,62,30,27,6,1,4,2,1,2,3,7
2012,Fall,B H 401,History Of Medicine,"Berryman, Jack W",44,2.8,3,9,7,2,4,3,2,2,1,1,1,1,8
2012,Fall,BIO A 101,Human Bio Diversity,"Kramer, Patricia A.",234,3.5,136,42,16,13,7,3,2,6,1,1,1,4,2
2012,Fall,BIOC 405,Intro To Biochem,"Hurley, James B",676,2.8,43,88,95,105,130,89,59,35,4,3,3,3,19
2012,Fall,BIOC 440,Biochemistry,"Klevit, Rachel",325,2.8,34,54,50,33,61,30,12,10,7,8,5,3,18
2012,Fall,BIOL 180,Intro Biology,"Freeman, Scott",520,3,42,107,95,84,96,41,22,12,2,2,2,5,10
2012,Fall,BIOL 180,Intro Biology,"Freeman, Scott",466,2.6,27,57,52,66,80,37,40,32,15,6,3,14,37
2012,Fall,BIOL 200,Intro Biol,"Crowe, Alison J",379,2.8,30,63,47,47,78,28,33,26,7,5,1,2,12
2012,Fall,BIOL 350,Foundtns Physiology,"Kennedy, Michael L",126,2.8,26,15,16,12,15,13,11,3,3,2,1,4,5
2012,Fall,CHEM 120,Principles Of Chem I,"Meredith, Joseph Mitchell",342,2.8,22,51,49,65,62,37,18,11,2,2,2,9,12
2012,Fall,CHEM 142,General Chemistry,"Carroll, Andrea D.",279,2.7,10,50,41,35,53,22,21,18,7,3,4,8,7
2012,Fall,CHEM 223,Org Chem Short Prog,"Clary, Scott T.",141,2.7,12,19,18,22,18,17,12,8,2,3,1,2,7
2012,Fall,CHEM 237,Organic Chemistry,"Michael, Forrest",196,2.6,14,22,38,27,27,21,8,5,8,8,6,5,7
2012,Fall,COM 495,Spec Topics Com,"Rathe, Karen M",88,2.8,8,16,16,12,8,7,3,11,3,1,1,1,1
2012,Fall,CSE 142,Computer Prgrmng I,"Martin, Helene",328,2.7,22,53,53,42,35,39,12,9,7,5,4,21,26
2012,Fall,CSE 142,Computer Prgrmng I,"Martin, Helene",322,2.7,27,58,51,40,35,40,12,10,9,5,2,19,14
2012,Fall,CSE 143,Computer Prgrmng Ii,"Reges, Stuart",279,2.7,23,48,31,39,33,26,27,13,2,6,2,16,13
2012,Fall,CSE 373,Data Struc/Algorith,"Anderson, Ruth",108,2.9,7,22,20,17,15,9,3,3,1,1,2,2,6
2012,Fall,ECON 200,Intro Microecon,"Salehi-Esfahani, Haideh",478,2.9,27,91,100,73,95,22,14,10,3,3,4,14,22
2012,Fall,ESRM 100,Environmental Sci,"Harrison, Robert B",328,3.2,72,97,50,32,30,10,14,4,3,4,1,7,4
2012,Fall,GENOME 371,Intro Genetics,"Raghuraman, M. K.",189,2.8,32,23,24,18,38,12,14,9,5,4,1,3,6
2012,Fall,GEOG 315,Explan Undstn Geog,"Brown, Michael",64,2.6,10,11,2,9,5,2,6,2,2,5,3,3,4
2012,Fall,HIST 111,The Ancient World,"Joshel, Sandra R.",188,3,8,58,37,23,29,9,7,4,4,1,2,1,5
2012,Fall,JAPAN 111,1st-Yr Japanese,"Nishikawa, Itsuko",48,2.7,6,9,4,7,8,2,1,2,2,1,1,3,2
2012,Fall,JAPAN 111,1st-Yr Japanese,"Nishikawa, Itsuko",52,2.7,2,11,10,5,8,2,2,2,1,3,1,1,4
2012,Fall,LING 100,Fund Of Grammar,"Surek-Clark, Clarissa",246,3.1,65,47,23,24,34,15,13,10,4,3,3,2,3
2012,Fall,LING 200,Intro Ling Thought,"Mcgarrity, Laura W",220,2.9,43,43,27,31,20,9,10,9,4,3,6,8,7
2012,Fall,LING 200,Intro Ling Thought,"Mcgarrity, Laura W",29,2.4,6,3,1,3,1,2,2,1,1,2,2,3,2
2012,Fall,MATH 111,Algebra With Appl,"Taggart, Jennifer",156,2.8,25,27,16,21,15,8,5,14,8,4,1,5,7
2012,Fall,MATH 111,Algebra With Appl,"Taggart, Jennifer",158,3,36,34,19,23,11,9,6,4,7,1,3,4,1
2012,Fall,MATH 120,Precalculus,"Conroy, Matthew",149,2.5,9,19,21,17,25,4,6,12,1,3,2,12,18
2012,Fall,MATH 120,Precalculus,"Conroy, Matthew",139,2.5,11,23,18,24,13,4,5,3,3,7,3,13,12
2012,Fall,MATH 120,Precalculus,"Nichifor, Alexandra",147,2.7,10,21,10,16,46,7,4,11,3,3,2,1,13
2012,Fall,MATH 120,Precalculus,"Nichifor, Alexandra",149,3,17,28,26,22,32,3,3,6,5,1,1,1,4
2012,Fall,MATH 124,Calc Analyt Geom I,"Collingwood, David H",145,2.8,10,23,21,18,30,13,7,6,1,2,1,4,9
2012,Fall,MATH 124,Calc Analyt Geom I,"Conroy, Matthew",111,2.6,9,19,10,17,10,7,9,6,1,6,4,4,9
2012,Fall,MATH 124,Calc Analyt Geom I,"Devinatz, Ethan S",119,2.9,13,22,17,18,17,15,3,4,2,1,1,1,5
2012,Fall,MATH 125,Calc Analyt Geom Ii,"Burdzy, Krzysztof",114,2.7,9,15,17,17,16,10,12,10,3,2,1,1,1
2012,Fall,MATH 126,Calc Anyl Geom Iii,"Loveless, Andrew",193,2.7,18,31,24,31,29,12,10,10,3,6,2,10,7
2012,Fall,MATH 126,Calc Anyl Geom Iii,"Loveless, Andrew",197,3,28,39,20,35,33,17,7,7,2,1,2,1,5
2012,Fall,MEDCH 400,Fund Concpts Medch,"Nelson, Wendel L",101,2.7,24,11,9,10,13,5,8,8,5,1,1,5,1
2012,Fall,MICROM 301,Gen Microbiology,"Mougous, Joseph D",200,2.5,24,15,15,25,27,21,16,22,9,8,2,2,14
2012,Fall,MICROM 410,Fund Of Gen Micro I,"Parsek, Matthew R",182,2.6,35,17,13,11,20,20,19,12,13,4,4,6,8
2012,Fall,MUSIC 116,Elem Music Theory,"Saks, Toby",177,3.1,61,29,21,13,14,7,2,4,6,1,2,11,6
2012,Fall,MUSIC 116,Elem Music Theory,"Shelley, Peter",205,3.4,101,37,23,11,6,2,4,1,3,2,1,6,8
2012,Fall,MUSIC 185,The Concert Season,"Harreld, Nicole R.",329,3,76,71,21,54,31,7,23,13,4,4,4,7,14
2012,Fall,PHIL 100,Intro To Philosophy,"Rosenthal, Michael",196,3,17,53,38,23,28,11,3,8,1,1,2,3,8
2012,Fall,PHIL 120,Intro To Logic,"Hildebrand, Tyler W.",189,2.9,26,48,19,16,30,9,4,8,3,8,4,5,9
2012,Fall,POL S 201,Intro Pol Theory,"Di Stefano, Christine",183,2.7,12,34,28,29,23,11,8,9,5,4,3,8,9
2012,Fall,PSYCH 101,Intro To Psych,"Mclaughlin, Judith L.",223,2.9,54,39,20,24,20,14,14,11,6,3,3,9,6
2012,Fall,PSYCH 206,Human Development,"Ha, Renee Robinette",78,2.7,12,9,9,12,8,6,3,8,4,3,1,1,2
2012,Winter,AMATH 301,Beg Sci Computing,"Brunton, Steven L.",126,2.9,14,20,27,19,12,13,5,4,2,1,1,2,6
2012,Winter,ANTH 215,Med Anth/ Glbl Hlth,"Chapman, Rachel R",301,3.6,169,74,16,11,5,8,3,2,1,2,1,4,5
2012,Winter,ART H 212,Chinese Art,"Wang, Haicheng",113,2.8,15,30,15,11,8,8,2,6,3,1,6,4,4
2012,Winter,ART H 314,India Mod/Cntp Art,"Khullar, Sonal",38,2.6,4,6,2,6,5,1,2,5,1,1,1,1,3
2012,Winter,BIOC 406,Intro To Biochem,"Brzovic, Peter",615,2.8,38,88,100,87,118,61,52,44,11,6,1,3,6
2012,Winter,BIOL 118,Survey Of Physiol,"Oakley, Amy E",328,2.8,23,62,52,50,56,27,22,10,5,1,2,9,9
2012,Winter,BIOL 180,Intro Biology,"Meister, Cecile J",578,2.6,43,67,70,89,111,48,43,45,15,13,6,15,13
2012,Winter,BIOL 200,Intro Biol,"Freeman, Scott",371,2.7,21,52,57,54,49,43,32,19,11,6,2,2,23
2012,Winter,BIOL 200,Intro Biol,"Freeman, Scott",384,2.8,34,61,62,53,63,28,22,26,6,10,2,7,10
2012,Winter,BIOL 350,Foundtns Physiology,"Wenderoth, Mary P",113,2.3,3,12,9,12,20,15,9,11,10,6,1,4,1
2012,Winter,CHEM 142,General Chemistry,"Bryant, Jasmine R.",324,2.6,24,36,42,31,50,40,24,35,13,6,3,4,16
2012,Winter,CHEM 142,General Chemistry,"Bryant, Jasmine R.",273,2.6,23,33,23,33,49,32,27,24,8,4,2,6,9
2012,Winter,CHEM 152,General Chemistry,"Wiegand, Deborah H",417,2.5,8,26,50,66,104,41,40,36,9,15,3,6,13
2012,Winter,CHEM 152,General Chemistry,"Chiu, Daniel T.",244,2.6,2,21,42,75,29,16,13,18,8,7,3,7,3
2012,Winter,CHEM 162,General Chemistry,"Carroll, Andrea D.",186,2.6,11,25,17,17,39,27,14,17,7,2,1,1,8
2012,Winter,CHEM 238,Organic Chemistry,"Sasaki, Tomikazu",246,2.6,17,35,26,28,40,25,29,24,4,3,4,5,6
2012,Winter,CHEM 238,Organic Chemistry,"Clary, Scott T.",287,2.8,31,38,36,44,48,24,22,24,6,5,1,2,6
2012,Winter,COM 220,Intro To Public Spk,"Mcgarrity, Matt",245,2.9,10,45,49,60,35,16,7,7,3,2,1,2,8
2012,Winter,CSE 142,Computer Prgrmng I,"Reges, Stuart",437,2.6,43,77,53,57,34,31,25,24,10,10,7,39,27
2012,Winter,CSE 142,Computer Prgrmng I,"Reges, Stuart",334,2.7,24,71,46,47,36,19,13,14,14,11,5,19,15
2012,Winter,CSE 143,Computer Prgrmng Ii,"Martin, Helene",288,2.8,25,57,39,36,42,25,14,11,7,5,4,11,12
2012,Winter,ECON 200,Intro Microecon,"Ellis, Gregory M.",483,3.1,31,143,90,91,54,17,14,14,6,2,3,3,15
2012,Winter,ECON 200,Intro Microecon,"Salehi-Esfahani, Haideh",431,2.9,41,50,93,95,64,30,14,12,7,7,3,6,9
2012,Winter,ECON 201,Intro Macroecon,"O'dea, Dennis C",294,3,56,61,47,36,29,20,12,7,7,5,2,9,3
2012,Winter,ESRM 100,Environmental Sci,"Harrison, Robert B",411,3.3,86,124,76,43,27,12,9,8,3,2,3,4,14
2012,Winter,ESS 106,Living With Volcano,"Walker, Barry A",229,3.1,33,57,40,17,23,12,10,8,5,2,3,1,18
2012,Winter,GEOG 302,The Pacific N W,"Beyers, William B",92,2.8,8,24,15,15,4,5,5,2,2,2,1,6,3
2012,Winter,IND E 315,Prob & Stat For Eng,"Boyle, Linda Ng",135,2.7,6,25,24,11,18,17,8,7,5,3,1,3,7
2012,Winter,LING 100,Fund Of Grammar,"Surek-Clark, Clarissa",276,2.9,54,55,31,32,28,19,17,11,8,8,3,5,5
2012,Winter,LING 200,Intro Ling Thought,"Mcgarrity, Laura W",265,2.9,50,55,28,28,30,18,13,9,10,6,2,8,8
2012,Winter,MATH 111,Algebra With Appl,"Nichifor, Alexandra",165,2.8,17,32,19,25,17,20,9,10,7,4,2,2,1
2012,Winter,MATH 111,Algebra With Appl,"Nichifor, Alexandra",163,2.9,20,35,21,25,20,9,5,10,5,6,2,1,4
2012,Winter,MATH 112,Business &Econ Calc,"Taggart, Jennifer",157,3.1,43,22,25,24,15,5,1,10,3,2,2,1,4
2012,Winter,MATH 120,Precalculus,"Conroy, Matthew",143,2.2,9,15,17,18,19,2,4,8,5,6,3,21,16
2012,Winter,MATH 120,Precalculus,"Conroy, Matthew",140,2.5,15,16,13,17,18,4,11,7,5,3,1,14,16
2012,Winter,MATH 124,Calc Analyt Geom I,"Loveless, Andrew",116,2.7,10,15,9,20,21,11,4,12,3,1,2,2,6
2012,Winter,MATH 124,Calc Analyt Geom I,"Bekyel, Ebru",118,2.8,9,17,22,20,12,10,6,9,5,1,1,2,4
2012,Winter,MATH 125,Calc Analyt Geom Ii,"Koblitz, Neal I",100,2.7,8,12,16,12,17,9,4,5,4,3,1,2,7
2012,Winter,MATH 126,Calc Anyl Geom Iii,"Taggart, Jennifer",156,2.7,21,20,24,14,28,14,8,8,3,3,3,5,5
2012,Winter,MATH 394,Probability I,"Chen, Zhen-Qing",49,2.4,3,6,3,5,9,4,2,6,4,1,3,1,2
2012,Winter,MATH 394,Probability I,"Pal, Soumik",46,2.8,5,7,9,4,9,3,2,1,1,2,1,1,1
2012,Winter,MICROM 411,Bacterial Genetics,"Gray, Kendall M",83,2.7,12,4,10,11,12,7,4,4,3,2,1,1,12
2012,Winter,MICROM 450,Molec Biol Vir,"Champoux, James J",64,2.7,6,13,7,8,10,4,5,3,2,1,1,3,1
2012,Winter,MUSIC 116,Elem Music Theory,"Shelley, Peter",195,3.4,92,34,26,4,9,3,3,4,3,2,1,4,10
2012,Winter,MUSIC 185,The Concert Season,"Harreld, Nicole R.",342,3.5,150,119,22,18,8,7,1,1,2,4,2,5,3
2012,Winter,PHIL 120,Intro To Logic,"Weller, Cass",165,3.1,38,30,38,18,6,2,2,2,1,2,5,7,14
2012,Winter,PHYS 114,General Physics,"Cramer, John G",208,3,34,37,31,26,29,16,11,5,3,2,1,1,12
2012,Winter,PHYS 121,Mechanics,"Tolich, Nikolai",197,3,22,43,32,26,34,16,5,6,3,2,1,1,6
2012,Winter,POL S 203,Intro Internatl Rel,"Caporaso, James A",207,2.9,13,56,35,33,23,10,9,4,1,7,3,7,6
2012,Winter,PSYCH 101,Intro To Psych,"Prat, Chantel",434,3.4,209,77,46,33,26,13,6,10,7,1,1,3,2
2012,Winter,PSYCH 101,Intro To Psych,"Mclaughlin, Judith L.",106,2.9,25,16,14,11,10,5,5,7,1,3,2,4,3
2012,Winter,PSYCH 202,Biopsych,"Voorhies, Ann C",223,3.1,58,43,26,30,21,10,8,8,4,1,1,5,8
2012,Winter,PSYCH 206,Human Development,"Ha, Renee Robinette",65,2.7,5,12,11,7,9,8,3,1,1,1,1,3,3
2012,Winter,SOC 110,Survey Sociology,"Wender, Jonathan M",196,2.7,12,29,36,30,42,12,9,9,4,2,2,7,2
2012,Winter,SOC 300,Found Soc Inquiry,"Brines, Julie E",106,2.9,6,26,12,17,16,10,6,5,3,1,1,1,2
2012,Winter,SOC 371,Criminology,"Matsueda, Ross L.",96,2.9,14,26,7,16,12,4,1,2,7,2,1,2,2
2012,Winter,STAT 311,Elemnts Stat Method,"Cardoso, Tamre",118,3.1,15,31,19,24,4,5,4,2,4,1,1,2,6
2012,Spring,AMATH 301,Beg Sci Computing,"Adams, Loyce M.",105,2.7,5,22,17,16,12,6,2,5,2,1,4,6,7
2012,Spring,ART H 203,Surv West Art-Mod,"Lingo, Estelle C",248,3.2,62,74,28,27,17,14,2,3,2,2,2,8,7
2012,Spring,B STR 301,General Anatomy,"Pittack, Catrin",433,3.1,72,141,61,36,42,24,13,15,8,3,3,11,4
2012,Spring,BIO A 201,Prin Biologcl Anth,"Kushnick, Geoff",83,2.8,7,21,11,9,9,5,10,2,1,1,5,1,1
2012,Spring,BIOL 118,Survey Of Physiol,"Oakley, Amy E",333,2.8,33,48,46,53,52,23,22,22,12,6,2,6,8
2012,Spring,BIOL 180,Intro Biology,"Naish, Kerry",414,2.6,30,56,52,50,58,44,37,33,15,8,2,18,11
2012,Spring,BIOL 200,Intro Biol,"Schivell, Amanda",443,2.7,40,53,61,52,83,57,43,24,14,3,1,8,4
2012,Spring,BIOL 317,Plant Class & Ident,"Olmstead, Richard G.",117,2.8,22,25,3,9,15,7,13,12,1,2,1,3,4
2012,Spring,CHEM 142,General Chemistry,"Carroll, Andrea D.",308,2.6,14,41,45,46,48,27,20,24,10,9,5,10,9
2012,Spring,CHEM 152,General Chemistry,"Wiegand, Deborah H",250,2.7,14,40,26,39,44,21,17,14,8,5,2,7,13
2012,Spring,CHEM 162,General Chemistry,"Bryant, Jasmine R.",278,2.8,25,55,51,27,48,20,14,15,11,5,4,2,1
2012,Spring,CHEM 162,General Chemistry,"Bryant, Jasmine R.",280,2.8,27,45,32,53,53,20,22,10,6,3,3,1,5
2012,Spring,CHEM 221,Principles Chem Iii,"Wiegand, Deborah H",275,2.8,16,36,46,54,43,38,16,15,3,3,1,2,2
2012,Spring,CHEM 238,Organic Chemistry,"Andersen, Niels H",339,2.6,30,43,34,30,58,48,40,24,12,4,4,2,10
2012,Spring,CHEM 239,Organic Chemistry,"Schellinger, Joan Go",234,2.7,32,20,18,21,41,26,24,23,10,1,1,3,14
2012,Spring,CHEM 239,Organic Chemistry,"Clary, Scott T.",343,2.7,34,51,37,47,49,30,25,26,11,8,7,4,14
2012,Spring,CHEM 241,Organic Chem Lab,"Clary, Scott T.",235,3.2,48,53,43,33,34,9,4,1,1,2,1,3,3
2012,Spring,CSE 142,Computer Prgrmng I,"Obourn, Allison E",322,2.5,24,53,40,33,41,22,12,19,13,9,8,30,18
2012,Spring,CSE 142,Computer Prgrmng I,"Obourn, Allison E",246,2.6,22,48,30,28,32,15,15,9,8,2,2,21,14
2012,Spring,CSE 143,Computer Prgrmng Ii,"Reges, Stuart",440,2.6,38,78,45,61,63,28,31,27,7,8,3,31,20
2012,Spring,CSE 154,Web Programming,"Stepp, Martin",279,2.9,23,66,49,52,33,13,8,7,3,6,1,8,10
2012,Spring,ECON 200,Intro Microecon,"Salehi-Esfahani, Haideh",451,2.9,53,84,69,64,74,39,25,6,8,1,3,12,13
2012,Spring,ESRM 100,Environmental Sci,"Harrison, Robert B",571,3.2,172,128,75,60,45,21,7,20,8,2,6,16,11
2012,Spring,ESS 106,Living With Volcano,"Walker, Barry A",211,2.5,9,19,22,38,41,20,25,15,2,6,2,6,6
2012,Spring,GENOME 351,Human Genetics,"Eichler, Evan",41,2.7,3,10,5,4,6,2,2,1,2,2,1,1,2
2012,Spring,GWSS 357,Psychobiol Of Women,"Kenney, Nancy J",90,2.9,26,14,11,6,8,7,4,1,1,2,1,6,3
2012,Spring,HIST 269,"Holocaust, Hist&Mem","Naar, Devin E",92,3,6,30,10,16,12,6,2,1,1,1,1,3,3
2012,Spring,LING 100,Fund Of Grammar,"Mcgarrity, Laura W",193,3,42,42,23,27,18,10,6,6,4,2,3,7,3
2012,Spring,LING 200,Intro Ling Thought,"Hargus, Sharon L",162,2.6,20,23,19,23,22,13,9,9,6,2,2,11,3
2012,Spring,LING 233,Language & Society,"Evans, Betsy E",107,2.3,16,9,9,10,10,11,6,10,5,6,3,11,1
2012,Spring,LSJ 200,Intr Law Soc & Just,"Beckett, Katherine",190,2.9,13,47,26,34,24,20,4,5,4,2,1,5,5
2012,Spring,MATH 112,Business &Econ Calc,"Nichifor, Alexandra",204,3,22,44,30,35,26,11,15,8,3,2,1,1,6
2012,Spring,MATH 124,Calc Analyt Geom I,"Bekyel, Ebru",96,2.7,3,21,15,21,8,4,3,6,5,1,2,5,2
2012,Spring,MATH 125,Calc Analyt Geom Ii,"Loveless, Andrew",120,2.9,15,17,21,17,15,8,9,7,3,1,1,2,4
2012,Spring,MATH 126,Calc Anyl Geom Iii,"Taggart, Jennifer",152,2.6,20,15,15,19,24,14,11,11,5,6,2,4,6
2012,Spring,MATH 126,Calc Anyl Geom Iii,"Perkins, Patrick",159,2.9,17,37,18,17,28,15,11,5,2,2,1,3,3
2012,Spring,MATH 126,Calc Anyl Geom Iii,"Perkins, Patrick",153,2.8,16,33,18,16,27,15,12,7,3,1,3,1,1
2012,Spring,MICROM 301,Gen Microbiology,"Anderson, Denise G",288,2.6,21,38,36,30,43,40,18,19,11,5,2,11,14
2012,Spring,MUSIC 116,Elem Music Theory,"Archibald-Seiffer, Joshua",202,3.4,99,34,11,20,8,6,6,3,4,2,1,3,5
2012,Spring,MUSIC 162,Amer Pop Song,"Korn, Steven",599,3.5,237,177,64,37,30,18,10,6,3,3,1,1,12
2012,Spring,MUSIC 162,Amer Pop Song,"Cannady, Kimberly",99,2.6,9,9,13,18,15,9,7,6,5,2,1,3,2
2012,Spring,MUSIC 185,The Concert Season,"Harreld, Nicole R.",336,3.5,174,98,17,15,7,4,1,3,1,6,2,5,3
2012,Spring,OCEAN 200,Intro Oceanography,"Quay, Paul D",115,2.8,7,21,24,20,15,10,4,3,2,1,1,5,2
2012,Spring,PHIL 100,Intro To Philosophy,"Hildebrand, Tyler W.",122,2.7,36,11,3,16,4,10,7,5,12,9,1,6,2
2012,Spring,PHIL 120,Intro To Logic,"Manchak, John",180,3.3,78,33,15,7,13,6,2,6,4,3,1,1,11
2012,Spring,POL S 203,Intro Internatl Rel,"Cockrell, Andrew S",190,2.9,4,37,31,38,34,15,5,5,6,1,2,1,11
2012,Spring,PSYCH 101,Intro To Psych,"Passer, Michael W",405,3,116,57,49,45,30,28,21,11,9,5,7,20,7
2012,Spring,PSYCH 101,Intro To Psych,"Osterhout, Lee",417,3,99,51,75,45,53,25,17,21,7,8,5,7,4
2012,Spring,PSYCH 205,Behavior Disorders,"Graham, Christina C",67,2.6,13,4,7,7,8,6,6,4,5,2,1,3,1
2012,Spring,PSYCH 210,Human Sexuality,"Mcdermott, Lois J.",324,3,64,61,36,37,52,20,12,5,9,4,1,8,15
2012,Spring,QMETH 201,Intro To Stat Mthds,"Studer-Ellis, Erich",113,2.8,8,22,18,18,17,4,5,7,6,3,2,1,2
2012,Spring,SOC 371,Criminology,"Matsueda, Ross L.",163,2.8,14,30,26,26,17,13,9,12,3,4,3,2,4
2012,Spring,STAT 311,Elemnts Stat Method,"Morris, Martina",102,2.9,8,23,22,15,12,4,4,3,1,1,6,2,1
2012,Summer,BIOL 180,Intro Biology,"Van Buren, Amy Noel",138,2.5,8,13,20,11,24,13,16,13,6,3,2,4,5
2012,Summer,CHEM 223,Org Chem Short Prog,"Elangovan, Samy",71,2.7,8,11,9,6,10,5,8,4,2,2,1,1,4
2012,Summer,CHEM 237,Organic Chemistry,"Schellinger, Joan Go",55,2.7,6,9,7,6,5,7,3,3,2,2,1,2,2
2012,Summer,CSE 142,Computer Prgrmng I,"Rigsby, Tyler J",172,2.9,15,31,34,23,24,6,5,3,3,3,4,6,15
2012,Summer,CSE 143,Computer Prgrmng Ii,"Winstanley, Melissa R",88,2.8,10,15,10,6,10,6,4,2,2,2,1,3,17
2012,Summer,GENOME 361,Fund Gen & Genomics,"Cheong, Frances Ka Yan",139,2.6,11,14,20,18,25,18,7,7,7,3,1,3,5
2012,Summer,PHYS 121,Mechanics,"Reid, James H",93,2.7,8,14,11,10,19,11,6,2,3,1,1,2,5
2013,Fall,ACCTG 215,Acctg & Fin Reprtng,"Demerjian, Peter R",156,2.9,42,17,12,12,19,10,11,6,4,2,7,1,13
2013,Fall,ACCTG 215,Acctg & Fin Reprtng,"Demerjian, Peter R",152,2.9,49,16,10,19,15,4,10,7,4,4,5,3,6
2013,Fall,ACCTG 215,Acctg & Fin Reprtng,"Demerjian, Peter R",154,3,37,19,19,16,21,11,9,9,2,1,3,1,6
2013,Fall,ANTH 203,Intro To Anth Ling,"Bilaniuk, Laada M.",96,2.7,9,21,11,8,12,9,6,9,1,2,2,4,2
2013,Fall,ASTR 150,The Planets,"Smith, Toby R.",237,3.1,42,58,45,32,23,12,8,5,4,2,1,3,2
2013,Fall,BIO A 101,Human Bio Diversity,"Kramer, Patricia A.",306,3.6,215,35,15,10,7,5,6,3,2,1,1,2,4
2013,Fall,BIOC 440,Biochemistry,"Klevit, Rachel",304,2.7,17,46,40,49,63,39,10,7,6,4,4,7,12
2013,Fall,BIOL 118,Survey Of Physiol,"Oakley, Amy E",386,2.8,29,72,64,50,58,41,20,18,6,4,6,10,8
2013,Fall,BIOL 180,Intro Biology,"Freeman, Scott",512,2.9,50,92,81,70,92,43,25,18,11,6,5,9,10
2013,Fall,BIOL 180,Intro Biology,"Freeman, Scott",497,2.6,33,56,63,76,90,56,45,25,15,9,5,10,14
2013,Fall,BIOL 200,Intro Biol,"Crowe, Alison J",260,2.8,20,36,49,36,40,23,25,14,3,2,2,5,5
2013,Fall,BIOL 350,Foundtns Physiology,"Kennedy, Michael L",167,3,39,25,26,12,20,8,16,5,5,1,2,4,4
2013,Fall,BIOL 404,Animal Cell Physiol,"De La Iglesia, Horacio O.",71,2.4,5,8,7,8,8,8,6,11,1,2,1,4,2
2013,Fall,BIOL 453,Cmpr Anat Verts,"Sidor, Christian A.",66,2.6,8,5,11,3,15,7,4,3,4,1,3,1,1
2013,Fall,CHEM 120,Principles Of Chem I,"Wiegand, Deborah H",309,2.8,22,58,50,36,58,35,21,10,3,3,1,8,4
2013,Fall,CHEM 142,General Chemistry,"Li, Xiaosong",562,2.7,40,109,59,68,112,45,44,38,17,2,3,15,10
2013,Fall,CHEM 142,General Chemistry,"Wiegand, Deborah H",505,2.7,21,71,76,76,85,54,53,29,19,10,1,4,6
2013,Fall,CHEM 162,General Chemistry,"Carroll, Andrea D.",334,2.6,16,30,36,38,79,48,38,30,7,4,1,1,6
2013,Fall,CHEM 223,Org Chem Short Prog,"Heinekey, D Michael",133,2.4,3,9,10,16,30,19,16,14,5,1,4,1,5
2013,Fall,CHEM 237,Organic Chemistry,"Boydston, Andrew Jackson",329,2.7,20,43,45,68,45,34,20,24,10,4,6,2,8
2013,Fall,CHEM 237,Organic Chemistry,"Bryant, Jasmine R.",315,2.6,15,38,41,51,55,27,23,31,13,5,2,3,11
2013,Fall,CLAS 430,Grk & Rom Mythology,"Kamen, Deborah E.",246,3.1,37,77,35,19,23,11,8,7,7,3,2,5,12
2013,Fall,COM 202,Intro To Comm Ii,"Parks, Malcolm R",416,3,22,78,128,99,32,20,12,6,4,2,2,4,7
2013,Fall,CSE 142,Computer Prgrmng I,"Reges, Stuart",313,2.7,27,57,51,31,32,21,12,25,4,4,4,18,27
2013,Fall,CSE 142,Computer Prgrmng I,"Reges, Stuart",525,2.7,40,98,75,68,60,33,25,26,14,11,4,33,38
2013,Fall,CSE 143,Computer Prgrmng Ii,"Obourn, Allison E",287,2.7,29,47,38,34,40,30,17,10,5,6,6,10,15
2013,Fall,ECON 200,Intro Microecon,"Ellis, Gregory M.",487,3.1,30,148,117,88,51,20,7,10,1,4,1,2,8
2013,Fall,G H 201,Emerging Diseases,"Coler, Rhea N.",323,3,59,64,44,28,51,25,14,10,6,4,1,7,10
2013,Fall,GENOME 371,Intro Genetics,"Raghuraman, M. K.",189,2.7,28,33,10,29,15,13,14,19,9,3,4,4,8
2013,Fall,GEOG 123,Intro Globalization,"Hannah, Joe",279,3.2,79,70,41,29,10,8,11,3,2,3,3,11,9
2013,Fall,GWSS 357,Psychobiol Of Women,"Kenney, Nancy J",69,2.6,7,12,10,5,11,1,4,3,3,2,3,3,5
2013,Fall,HIST 111,The Ancient World,"Walker, Joel T",187,2.9,18,38,35,30,17,16,9,7,3,2,5,3,4
2013,Fall,LING 100,Fund Of Grammar,"Surek-Clark, Clarissa",187,3,50,40,17,17,13,9,14,10,5,2,3,4,3
2013,Fall,LING 233,Language & Society,"Evans, Betsy E",144,2.6,10,23,22,18,20,9,8,11,6,1,3,10,3
2013,Fall,MATH 111,Algebra With Appl,"Nichifor, Alexandra",158,2.7,14,26,16,24,29,17,9,3,4,8,2,3,3
2013,Fall,MATH 120,Precalculus,"Conroy, Matthew",152,2.5,12,22,21,12,32,1,10,7,6,2,2,15,10
2013,Fall,MATH 120,Precalculus,"Ostroff, Jonah K",150,2.8,18,20,21,21,34,4,6,5,5,1,2,3,10
2013,Fall,MATH 124,Calc Analyt Geom I,"Collingwood, David H",113,2.8,12,23,16,11,18,10,3,3,1,4,2,4,6
2013,Fall,MATH 125,Calc Analyt Geom Ii,"Novik, Isabella",119,2.7,9,14,18,22,17,11,7,7,2,1,1,4,6
2013,Fall,MATH 126,Calc Anyl Geom Iii,"Loveless, Andrew",154,2.8,12,26,16,29,24,14,4,6,6,4,2,3,8
2013,Fall,MATH 126,Calc Anyl Geom Iii,"Taggart, Jennifer",157,2.5,16,21,17,14,18,10,5,25,9,3,3,6,10
2013,Fall,MATH 126,Calc Anyl Geom Iii,"Taggart, Jennifer",156,2.8,24,23,26,19,18,8,12,8,5,4,1,4,4
2013,Fall,MATH 126,Calc Anyl Geom Iii,"Solomyak, Boris",156,2.9,19,37,21,11,17,15,16,3,7,1,2,3,4
2013,Fall,MATH 126,Calc Anyl Geom Iii,"Loveless, Andrew",157,3,22,38,13,30,19,9,10,4,1,2,1,2,6
2013,Fall,MICROM 301,Gen Microbiology,"Moseley, Steve L",218,2.5,11,23,32,37,26,19,19,18,8,11,1,6,7
2013,Fall,MICROM 410,Fund Of Gen Micro I,"Parsek, Matthew R",192,2.5,27,17,11,21,31,18,14,13,11,5,1,12,11
2013,Fall,MUSIC 116,Elem Music Theory,"Kolat, Yigit",197,3.2,83,32,9,11,18,5,2,9,3,2,1,9,13
2013,Fall,MUSIC 185,The Concert Season,"Harreld, Nicole R.",291,3.2,35,124,30,48,21,4,8,5,3,4,1,3,5
2013,Fall,PHIL 120,Intro To Logic,"Manchak, John",197,3.5,89,56,17,11,9,4,1,1,1,1,1,4,2
2013,Fall,POL S 201,Intro Pol Theory,"Di Stefano, Christine",191,2.6,15,37,25,35,19,11,8,8,7,4,4,14,4
2013,Fall,POL S 203,Intro Internatl Rel,"Cockrell, Andrew S",221,2.9,13,40,50,41,33,15,12,6,1,1,1,3,5
2013,Fall,POL S 204,Intro To Compar Pol,"Menaldo, Victor A.",117,2.7,6,15,17,18,24,14,5,4,3,1,4,1,5
2013,Fall,PSYCH 101,Intro To Psych,"Voorhies, Ann C",318,3.3,163,42,24,23,19,11,7,5,5,3,2,9,5
2013,Fall,PSYCH 101,Intro To Psych,"Graham, Lauren K",317,3.2,114,59,34,33,24,14,11,11,2,6,1,7,1
2013,Fall,PSYCH 101,Intro To Psych,"King, Kevin M",301,3,63,62,43,33,38,18,8,16,6,1,2,8,3
2013,Fall,PSYCH 206,Human Development,"Ha, Renee Robinette",93,2.7,12,10,16,14,11,7,4,10,1,2,1,3,2
2013,Fall,QMETH 201,Intro To Stat Mthds,"Studer-Ellis, Erich",114,2.9,11,25,20,17,13,7,8,3,1,3,1,3,2
2013,Fall,SOC 110,Survey Sociology,"Pitchford, Susan",268,2.9,38,53,40,33,36,19,8,10,7,4,4,4,12
2013,Fall,SOC 287,Soc Of Sexuality,"Schwartz, Pepper J",190,2.7,5,29,32,27,31,18,19,9,9,1,2,4,4
2013,Winter,ARCH 150,Apprec Of Arch I,"Iarocci, Louisa M",690,3.3,180,299,31,43,55,19,21,10,10,2,3,11,6
2013,Winter,ARCH 151,Apprec Of Arch Ii,"Borys, Annmarie",350,3.4,159,65,32,17,23,8,5,13,3,3,2,5,15
2013,Winter,ASTR 101,Astronomy,"Balick, Bruce",268,2.9,9,66,54,53,26,23,6,7,3,8,2,3,8
2013,Winter,ATM S 111,Global Warming,"Battisti, David S",116,2.9,6,32,14,22,16,9,3,2,4,2,1,3,2
2013,Winter,BIO A 201,Prin Biologcl Anth,"Taylor, Matthew S",105,3,14,14,23,26,13,6,1,1,2,1,2,1,1
2013,Winter,BIOL 118,Survey Of Physiol,"Oakley, Amy E",331,2.9,32,67,52,52,38,32,17,16,5,9,2,4,5
2013,Winter,BIOL 180,Intro Biology,"Meister, Cecile J",579,2.6,41,70,71,80,94,55,42,44,22,9,5,15,31
2013,Winter,BIOL 200,Intro Biol,"Freeman, Scott",394,2.8,31,53,62,61,66,49,23,21,7,6,1,6,8
2013,Winter,BIOL 220,Intro Biol,"Daniel, Thomas L",264,2.8,8,43,47,46,54,24,21,12,1,3,1,1,3
2013,Winter,CHEM 142,General Chemistry,"Carroll, Andrea D.",320,2.6,16,35,49,42,72,25,14,25,16,8,3,7,8
2013,Winter,CHEM 142,General Chemistry,"Bryant, Jasmine R.",276,2.7,19,42,30,33,45,37,25,23,5,4,3,4,6
2013,Winter,CHEM 142,General Chemistry,"Wiegand, Deborah H",280,2.5,11,30,32,58,40,29,20,16,13,6,3,11,11
2013,Winter,CHEM 152,General Chemistry,"Chiu, Daniel T.",194,2.7,6,24,25,36,47,18,13,8,3,3,1,5,5
2013,Winter,CHEM 220,Principles Chem Ii,"Wiegand, Deborah H",303,2.7,12,38,54,52,56,28,17,16,10,4,4,5,7
2013,Winter,CHEM 237,Organic Chemistry,"Bryant, Jasmine R.",398,2.7,31,50,56,63,54,40,26,36,20,9,3,4,6
2013,Winter,CHEM 238,Organic Chemistry,"Sasaki, Tomikazu",228,2.7,18,25,35,24,44,35,16,11,7,3,2,2,6
2013,Winter,CHEM 238,Organic Chemistry,"Clary, Scott T.",298,2.9,26,69,46,31,60,27,15,13,1,4,2,1,3
2013,Winter,CHEM 456,Physical Chemistry,"Campbell, Charles T",95,2.5,15,13,6,13,6,7,4,8,6,1,3,8,5
2013,Winter,CLAS 430,Grk & Rom Mythology,"Crofton-Sleigh, Elizabeth",259,2.9,39,61,36,21,21,14,10,11,11,7,5,8,15
2013,Winter,COM 201,Intro To Comm I,"Beam, Randal A",421,3.1,72,100,70,46,58,22,13,12,5,6,3,7,7
2013,Winter,CSE 142,Computer Prgrmng I,"Martin, Helene",316,2.7,28,46,59,43,44,25,12,14,5,7,2,18,13
2013,Winter,CSE 142,Computer Prgrmng I,"Martin, Helene",324,2.7,23,55,55,40,55,20,15,12,8,12,3,15,11
2013,Winter,CSE 142,Computer Prgrmng I,"Martin, Helene",211,2.9,21,46,34,30,20,17,10,8,4,1,2,9,9
2013,Winter,CSE 143,Computer Prgrmng Ii,"Reges, Stuart",319,2.7,30,42,38,44,47,25,22,18,10,4,2,12,25
2013,Winter,CSE 143,Computer Prgrmng Ii,"Reges, Stuart",306,2.8,25,55,46,49,46,24,16,9,4,2,3,8,19
2013,Winter,ECON 200,Intro Microecon,"Salehi-Esfahani, Haideh",468,3,27,76,100,110,85,25,7,9,3,2,3,4,17
2013,Winter,ECON 201,Intro Macroecon,"O'dea, Dennis C",334,2.9,46,70,62,40,41,25,14,14,2,4,1,12,3
2013,Winter,LING 200,Intro Ling Thought,"Ogihara, Toshiyuki",209,2.4,17,31,28,15,34,13,11,18,6,6,4,20,6
2013,Winter,MATH 120,Precalculus,"Nichifor, Alexandra",152,2.8,13,27,20,22,32,7,5,7,3,1,4,3,8
2013,Winter,MATH 124,Calc Analyt Geom I,"Nichifor, Alexandra",114,2.9,19,29,14,5,10,7,9,11,1,1,2,1,5
2013,Winter,MATH 124,Calc Analyt Geom I,"Collingwood, David H",133,2.6,8,16,21,9,25,11,16,10,5,3,1,1,7
2013,Winter,MATH 125,Calc Analyt Geom Ii,"Koblitz, Neal I",109,2.7,11,12,16,11,16,8,13,7,4,1,2,2,6
2013,Winter,MATH 125,Calc Analyt Geom Ii,"Burdzy, Krzysztof",117,2.8,18,20,11,15,18,7,7,11,3,2,1,1,3
2013,Winter,MATH 125,Calc Analyt Geom Ii,"Bube, Kenneth P",113,2.7,14,16,16,6,14,10,7,11,6,2,1,3,7
2013,Winter,MEDCH 563,P-Medicinal Chem,"Nelson, Wendel L",103,2.8,12,18,16,13,14,8,6,6,2,2,2,3,1
2013,Winter,MUSIC 120,Survey Of Music,"Rumph, Stephen C",186,2.9,21,55,37,14,13,10,4,6,3,1,2,13,7
2013,Winter,MUSIC 160,American Folk Music,"Sunardi, Christina M.",223,3.6,126,38,17,18,7,8,1,1,2,1,1,1,2
2013,Winter,PHYS 121,Mechanics,"Reid, James H",233,2.8,31,36,34,25,33,21,24,15,2,2,1,6,3
2013,Winter,POL S 201,Intro Pol Theory,"Bhandaru, Deepa",188,3.2,24,55,49,19,20,5,2,3,4,1,1,1,4
2013,Winter,POL S 202,Intro To Amer Pol,"Smith, Mark A.",227,3,20,55,38,42,27,9,8,6,1,4,1,3,13
2013,Winter,PSYCH 202,Biopsych,"Voorhies, Ann C",237,3.1,73,39,24,21,24,21,10,4,4,2,3,8,4
2013,Winter,PSYCH 205,Behavior Disorders,"Graham, Christina C",79,2.8,11,17,14,7,9,3,4,1,1,1,3,5,3
2013,Winter,PSYCH 209,Fdmntls Psych Rsch,"Pickrell, Jacqueline E.",195,3.2,34,45,39,25,26,11,2,2,1,1,1,1,7
2013,Winter,PSYCH 210,Human Sexuality,"Mcnichols, Nicole K",468,3.1,92,114,77,60,34,33,20,13,8,2,1,5,9
2013,Winter,SOC 275,Murder,"Weis, Joseph G",375,3,18,73,95,69,60,23,14,10,2,2,1,1,7
2013,Winter,STAT 220,Basic Statistics,"Grove, Ranjini",147,2.9,12,30,30,16,20,12,11,1,3,1,2,3,6
2013,Winter,STAT 311,Elemnts Stat Method,"Cardoso, Tamre",185,3.1,19,34,42,55,20,6,2,1,1,1,1,1,2
2013,Spring,AFRAM 101,Intro Af-Am Studies,"Pittman, Lashawnda L.",122,2.7,22,16,22,13,7,11,4,7,6,2,2,8,2
2013,Spring,ARCH 150,Apprec Of Arch I,"Huppert, Ann C",658,3.5,292,197,50,29,20,10,9,6,7,4,1,11,22
2013,Spring,ASTR 150,The Planets,"Smith, Toby R.",281,3.1,43,85,43,29,31,14,12,8,3,1,4,6,2
2013,Spring,ATM S 111,Global Warming,"Frierson, Dargan M",225,3.2,39,63,40,27,31,7,3,4,3,1,1,3,3
2013,Spring,BIOL 118,Survey Of Physiol,"Oakley, Amy E",331,2.8,29,53,41,46,58,31,20,20,8,7,5,3,10
2013,Spring,BIOL 180,Intro Biology,"Naish, Kerry",416,2.8,39,65,57,60,76,35,26,26,10,5,3,8,6
2013,Spring,BIOL 220,Intro Biol,"Mcabee, Jessica",574,2.9,40,101,108,81,100,62,39,23,6,6,2,2,4
2013,Spring,BIOL 317,Plant Class & Ident,"Lu-Irving, Patricia",116,2.7,7,19,21,15,20,9,8,5,4,1,2,2,3
2013,Spring,BIOL 411,Dev Biol,"Owens, Kelly N.",104,2.5,7,17,10,9,14,11,8,11,3,2,2,6,4
2013,Spring,CHEM 142,General Chemistry,"Bryant, Jasmine R.",318,2.6,18,43,25,34,63,35,28,29,13,5,2,8,15
2013,Spring,CHEM 152,General Chemistry,"Wiegand, Deborah H",367,2.6,18,35,51,57,63,38,29,34,14,5,3,7,13
2013,Spring,CHEM 152,General Chemistry,"Zane, Ariel Chang",259,2.6,8,19,32,45,68,33,15,19,10,4,1,2,3
2013,Spring,CHEM 238,Organic Chemistry,"Andersen, Niels H",317,2.6,14,33,34,41,42,70,37,11,8,3,1,1,22
2013,Spring,CHEM 239,Organic Chemistry,"Sasaki, Tomikazu",293,2.7,25,44,25,29,56,54,21,20,8,2,2,2,5
2013,Spring,CHEM 242,Organic Chem Lab,"Sasaki, Tomikazu",462,2.9,39,86,86,73,92,38,21,8,8,2,2,2,5
2013,Spring,CLAS 430,Grk & Rom Mythology,"Hollmann, Alexander J",103,3,25,24,10,12,7,4,7,5,1,1,2,2,3
2013,Spring,COM 202,Intro To Comm Ii,"Parks, Malcolm R",411,2.9,11,115,107,39,41,27,24,19,7,7,7,3,4
2013,Spring,CSE 142,Computer Prgrmng I,"Limketkai, Benson N",398,2.6,36,62,51,54,49,26,23,14,11,7,3,31,31
2013,Spring,CSE 142,Computer Prgrmng I,"Brand, Whitaker",323,2.6,25,56,42,49,40,24,16,12,8,7,3,24,17
2013,Spring,CSE 143,Computer Prgrmng Ii,"Martin, Helene",257,2.8,17,50,46,35,28,14,12,6,8,6,3,10,22
2013,Spring,CSE 143,Computer Prgrmng Ii,"Martin, Helene",251,2.7,32,30,41,30,28,23,14,11,6,7,2,11,16
2013,Spring,CSE 154,Web Programming,"Obourn, Allison E",296,2.9,28,72,51,38,48,12,8,7,2,4,5,17,4
2013,Spring,ECON 200,Intro Microecon,"Salehi-Esfahani, Haideh",419,2.9,31,72,80,69,60,44,17,13,7,3,5,8,10
2013,Spring,ECON 201,Intro Macroecon,"O'dea, Dennis C",347,3,29,89,54,59,48,18,17,14,1,1,2,8,7
2013,Spring,ENV H 311,Intro To Env Health,"Treser, Charles D.",155,3,30,29,21,11,19,16,4,9,3,3,1,2,7
2013,Spring,ENVIR 100,Environmntl Foundatn,"Straus, Kristina M",89,3.2,18,28,17,8,4,2,3,1,1,1,1,1,4
2013,Spring,ESRM 100,Environmental Sci,"Harrison, Robert B",467,3.2,118,135,66,33,37,18,18,10,4,3,1,9,15
2013,Spring,ESS 106,Living With Volcano,"Harrell, Michael D",206,3,61,38,18,10,17,15,9,13,6,4,4,4,7
2013,Spring,GENOME 361,Fund Gen & Genomics,"Dunham, Maitreya J",199,2.6,14,27,24,28,30,26,19,10,8,7,1,4,1
2013,Spring,GEOG 277,Geography Of Cities,"Knopp, Lawrence M.",100,2.9,13,20,19,16,9,3,5,4,2,2,1,3,3
2013,Spring,HSTAS 424,Postwar Japan,"Pyle, Kenneth B",30,2.4,2,3,4,4,4,1,2,3,1,2,1,2,1
2013,Spring,LING 100,Fund Of Grammar,"Surek-Clark, Clarissa",183,2.9,51,23,23,19,17,13,7,5,5,3,6,7,4
2013,Spring,LING 200,Intro Ling Thought,"Mcgarrity, Laura W",220,2.9,59,42,19,19,21,11,12,9,10,3,8,4,3
2013,Spring,LING 450,Intro Ling Phonet,"Hargus, Sharon L",27,2,1,3,3,1,2,2,1,4,3,2,1,3,1
2013,Spring,MATH 124,Calc Analyt Geom I,"Ostroff, Jonah K",88,2.7,9,11,15,10,15,13,7,1,1,1,1,3,1
2013,Spring,MATH 125,Calc Analyt Geom Ii,"Devinatz, Ethan S",146,2.7,19,16,14,12,32,26,9,8,2,3,1,1,3
2013,Spring,MATH 126,Calc Anyl Geom Iii,"Loveless, Andrew",158,2.9,24,26,28,22,14,12,13,3,3,3,4,4,2
2013,Spring,MATH 126,Calc Anyl Geom Iii,"Loveless, Andrew",155,2.8,14,31,12,16,34,16,8,6,6,4,2,1,5
2013,Spring,MATH 126,Calc Anyl Geom Iii,"Rothvoss, Thomas",158,2.7,20,19,24,19,28,12,12,8,4,3,5,2,2
2013,Spring,MATH 126,Calc Anyl Geom Iii,"Novik, Isabella",156,2.9,15,28,20,24,30,10,8,7,1,2,2,2,7
2013,Spring,MICROM 301,Gen Microbiology,"Anderson, Denise G",267,2.6,20,31,23,43,58,26,19,18,11,5,2,6,5
2013,Spring,MICROM 412,Prokaryotic Divers,"Leigh, John A",108,3,9,34,19,12,13,5,7,3,1,2,1,1,1
2013,Spring,PHIL 120,Intro To Logic,"Hildebrand, Tyler W.",183,3,36,44,19,19,19,10,6,5,5,2,4,3,11
2013,Spring,PHYS 116,General Physics,"Efimov, Vitaly",192,2.8,20,31,35,23,35,10,16,7,3,4,1,5,2
2013,Spring,POL S 306,"Media, Soc & Pol Id","Bennett, W Lance",256,3.1,40,79,47,26,24,7,8,5,3,2,3,5,7
2013,Spring,PSYCH 101,Intro To Psych,"Osterhout, Lee",423,3,111,67,52,24,51,34,27,20,9,6,2,11,9
2013,Spring,PSYCH 202,Biopsych,"Graham, Lauren K",293,2.9,79,38,34,26,31,21,18,21,6,5,3,10,1
2013,Spring,PSYCH 205,Behavior Disorders,"Graham, Christina C",72,2.4,3,10,9,12,11,6,3,3,4,4,1,5,1
2013,Spring,PSYCH 210,Human Sexuality,"Mcdermott, Lois J.",311,3,88,42,39,35,45,11,7,19,5,2,2,9,7
2013,Spring,PSYCH 318,Stat Inference,"Loftus, Geoffrey R",50,2.6,14,5,3,3,4,6,3,1,2,2,1,5,1
2013,Spring,Q SCI 381,Intro Probabil&Stat,"Bare, Bruce",154,3.3,40,57,20,8,6,4,5,4,1,2,1,3,3
2013,Spring,QMETH 201,Intro To Stat Mthds,"Studer-Ellis, Erich",112,2.8,9,22,16,18,18,7,4,2,3,3,2,5,3
2013,Spring,SOC 201,Intr Tpcs Sociology,"Burstein, Paul",174,3.1,15,41,47,24,28,2,4,2,1,1,1,3,5
2013,Spring,SOC 371,Criminology,"Matsueda, Ross L.",83,2.9,14,18,8,13,12,2,3,4,2,2,3,1,1
2013,Spring,STAT 220,Basic Statistics,"Grove, Ranjini",147,2.5,5,15,26,22,21,12,9,5,6,6,1,11,8
2013,Spring,STAT 311,Elemnts Stat Method,"Morris, Martina",155,2.8,14,22,17,27,24,19,2,4,3,3,1,7,12
2013,Summer,BIOL 220,Intro Biol,"Mcabee, Jessica",144,2.7,10,18,22,15,30,16,12,11,2,1,1,2,4
2013,Summer,CHEM 152,General Chemistry,"O'malley, Kevin M.",73,2.4,4,5,7,9,14,7,5,8,4,2,3,2,3
2013,Summer,CHEM 239,Organic Chemistry,"Clary, Scott T.",183,2.7,14,18,26,33,27,15,10,15,8,2,4,2,9
2013,Summer,CSE 143,Computer Prgrmng Ii,"Quinn, Kevin C",100,2.8,8,18,11,13,12,9,2,6,2,1,2,3,13
2013,Summer,ESRM 201,Pac Nw Ecosystems,"Delap, Jack H",21,2.6,5,2,1,3,1,1,1,1,1,1,1,1,2
2013,Summer,GENOME 361,Fund Gen & Genomics,"Cheong, Frances Ka Yan",148,2.7,15,21,16,19,24,13,9,12,7,4,1,2,5
2014,Fall,ACCTG 225,Managerial Acctg,"Paperman, Joseph",142,2.9,16,28,21,19,23,6,7,9,3,2,2,1,5
2014,Fall,ACCTG 225,Managerial Acctg,"Paperman, Joseph",126,2.6,10,16,28,11,12,12,9,4,6,6,4,3,5
2014,Fall,ARCH 150,Apprec Of Arch I,"Huppert, Ann C",652,3.6,439,92,38,24,16,12,3,4,2,1,3,9,9
2014,Fall,ASTR 150,The Planets,"Smith, Toby R.",238,3.1,27,67,45,35,30,7,6,3,4,1,2,5,6
2014,Fall,BIO A 201,Prin Biologcl Anth,"Taylor, Matthew S",105,2.8,22,18,11,8,12,5,9,7,1,3,2,5,2
2014,Fall,BIOC 440,Biochemistry,"Klevit, Rachel",289,2.9,26,53,31,47,62,36,9,5,2,1,1,2,14
2014,Fall,BIOL 118,Survey Of Physiol,"Oakley, Amy E",381,2.8,35,63,60,49,61,35,25,19,7,5,3,7,12
2014,Fall,BIOL 180,Intro Biology,"Freeman, Scott",598,2.8,46,95,97,101,103,53,35,29,11,2,3,8,15
2014,Fall,BIOL 180,Intro Biology,"Freeman, Scott",503,2.7,31,70,74,65,94,52,44,27,8,8,1,8,21
2014,Fall,BIOL 200,Intro Biol,"Schivell, Amanda",399,2.8,27,60,66,59,70,34,28,28,11,4,2,5,5
2014,Fall,BIOL 355,Fndation Mol Cel Bio,"Martin-Morris, Linda E",80,2.8,6,14,16,18,4,7,4,2,1,2,1,3,2
2014,Fall,BIOL 411,Dev Biol,"Garland, Alaina L",89,2.8,12,14,10,13,15,8,4,4,2,1,3,1,2
2014,Fall,CHEM 142,General Chemistry,"Ginger, David S.",550,2.6,36,58,68,66,92,58,58,60,14,15,3,10,12
2014,Fall,CHEM 142,General Chemistry,"Carroll, Andrea D.",553,2.7,32,89,73,72,118,40,45,28,7,8,5,18,18
2014,Fall,CHEM 162,General Chemistry,"Wiegand, Deborah H",319,2.7,16,34,47,46,71,47,22,21,5,1,1,5,3
2014,Fall,CHEM 223,Org Chem Short Prog,"Goldman, Lawrence M",148,2.6,36,3,16,24,15,8,9,10,6,9,4,7,1
2014,Fall,CHEM 237,Organic Chemistry,"Bryant, Jasmine R.",294,2.6,26,41,29,44,38,19,34,26,11,10,4,5,7
2014,Fall,CHEM 237,Organic Chemistry,"Boydston, Andrew Jackson",289,2.8,23,53,36,44,42,24,24,19,10,3,8,1,2
2014,Fall,CHEM 237,Organic Chemistry,"Bryant, Jasmine R.",297,2.8,20,43,44,44,48,35,24,18,4,3,2,2,10
2014,Fall,CHEM 238,Organic Chemistry,"Andersen, Niels H",134,2.6,10,12,12,14,35,19,15,4,2,4,3,2,2
2014,Fall,CLAS 430,Grk & Rom Mythology,"Carlson, Rachel, D.",236,2.9,49,54,20,17,18,14,6,15,8,3,6,7,19
2014,Fall,COM 202,Intro To Comm Ii,"Parks, Malcolm R",296,3,19,64,95,50,23,14,8,6,7,1,3,4,2
2014,Fall,CSE 142,Computer Prgrmng I,"Reges, Stuart",331,2.7,31,56,50,41,38,18,19,20,12,5,2,20,19
2014,Fall,CSE 142,Computer Prgrmng I,"Reges, Stuart",673,2.6,52,117,104,79,85,46,37,32,13,13,5,50,40
2014,Fall,CSE 143,Computer Prgrmng Ii,"Reges, Stuart",386,2.8,34,72,50,61,59,23,25,10,8,6,1,19,18
2014,Fall,ECON 200,Intro Microecon,"O'dea, Dennis C",340,3,48,69,66,56,39,13,19,12,5,2,1,6,4
2014,Fall,ECON 200,Intro Microecon,"Knox, Melissa A",401,3,52,89,51,83,42,18,32,14,4,4,3,4,5
2014,Fall,ECON 201,Intro Macroecon,"O'dea, Dennis C",322,3,31,73,71,41,36,20,11,8,6,5,1,6,13
2014,Fall,GENOME 371,Intro Genetics,"Raghuraman, M. K.",190,2.7,21,26,30,22,22,11,19,19,8,6,2,1,3
2014,Fall,GEOG 315,Explan Undstn Geog,"Brown, Michael",71,2.6,17,4,6,3,10,4,10,3,1,2,4,3,4
2014,Fall,LING 200,Intro Ling Thought,"Mcgarrity, Laura W",251,3,56,42,24,34,31,16,11,12,1,4,4,7,9
2014,Fall,MATH 111,Algebra With Appl,"Loveless, Andrew",116,2.9,11,23,26,17,17,5,4,3,3,1,1,4,1
2014,Fall,MATH 111,Algebra With Appl,"Loveless, Andrew",152,3.1,20,33,38,17,18,8,5,3,3,1,1,2,3
2014,Fall,MATH 120,Precalculus,"Conroy, Matthew",151,2.5,10,21,18,15,18,5,9,14,3,5,2,10,21
2014,Fall,MATH 124,Calc Analyt Geom I,"Koblitz, Neal I",107,2.6,8,15,7,13,21,13,6,6,3,1,1,4,9
2014,Fall,MATH 124,Calc Analyt Geom I,"Dumitriu, Ioana",119,2.9,17,22,11,21,15,6,9,9,2,1,1,1,4
2014,Fall,MATH 125,Calc Analyt Geom Ii,"Pollack, Daniel",119,2.9,17,19,14,13,25,11,8,3,1,3,1,2,2
2014,Fall,MATH 125,Calc Analyt Geom Ii,"Bekyel, Ebru",117,2.6,8,15,10,21,16,16,11,11,2,1,1,2,3
2014,Fall,MATH 126,Calc Anyl Geom Iii,"Nichifor, Alexandra",156,2.9,13,41,20,24,20,12,6,10,3,2,1,2,2
2014,Fall,MATH 126,Calc Anyl Geom Iii,"Taggart, Jennifer",153,2.7,29,17,14,14,18,17,5,14,8,5,3,5,4
2014,Fall,MATH 126,Calc Anyl Geom Iii,"Taggart, Jennifer",151,2.6,20,20,17,15,21,12,3,16,8,3,4,4,8
2014,Fall,MATH 300,Math Reasoning,"Conroy, Matthew",34,2.2,2,7,2,1,1,2,1,6,1,2,1,3,5
2014,Fall,MGMT 200,Introduction To Law,"Dawson, Robert K",154,2.9,11,29,24,25,34,12,11,3,1,1,1,1,1
2014,Fall,MGMT 200,Introduction To Law,"Bergstrom, Tod",143,2.8,18,22,20,19,19,4,13,7,2,1,1,5,12
2014,Fall,MICROM 410,Fund Of Gen Micro I,"Parsek, Matthew R",198,2.6,29,21,20,22,22,23,15,11,8,8,4,10,5
2014,Fall,MUSIC 116,Elem Music Theory,"Archibald-Seiffer, Joshua",187,3.3,71,38,20,18,6,6,2,2,2,3,2,5,12
2014,Fall,MUSIC 162,Amer Pop Song,"Anderson, Claire M",190,3.6,113,31,16,7,1,4,2,1,2,1,1,4,7
2014,Fall,PHIL 120,Intro To Logic,"Franco, Paul L.",192,3.2,56,54,15,18,6,13,3,9,1,1,4,4,8
2014,Fall,PHYS 114,General Physics,"Gladycheva, Svetlana",191,2.9,14,33,30,25,49,13,7,4,2,1,2,2,9
2014,Fall,PHYS 114,General Physics,"Reid, James H",186,2.7,19,25,26,33,24,16,18,5,4,3,2,6,5
2014,Fall,PHYS 115,General Physics,"Reid, James H",205,2.9,18,59,29,18,26,14,12,3,3,6,5,6,6
2014,Fall,PHYS 121,Mechanics,"Pedigo, R. Daryl",239,2.9,21,37,38,36,44,27,19,4,1,1,1,1,9
2014,Fall,POL S 202,Intro To Amer Pol,"Thorpe, Rebecca U",212,3,33,47,34,26,25,12,5,10,3,1,1,7,8
2014,Fall,PSYCH 101,Intro To Psych,"Graham, Lauren K",309,3.2,81,82,41,27,27,12,14,9,3,1,1,6,5
2014,Fall,PSYCH 101,Intro To Psych,"Mcdermott, Lois J.",353,3,55,68,54,50,55,18,15,11,9,3,1,8,6
2014,Fall,PSYCH 101,Intro To Psych,"Passer, Michael W",161,3,32,24,36,14,11,10,10,6,2,4,2,5,5
2014,Fall,PSYCH 101,Intro To Psych,"Passer, Michael W",110,3,27,11,22,10,15,8,5,3,2,2,1,3,1
2014,Fall,PSYCH 202,Biopsych,"Olavarria, Jaime F",287,3.1,33,72,62,37,45,14,7,8,1,1,1,1,5
2014,Fall,PSYCH 317,Psych Prob & Stat,"Little, Laura M.",94,3,18,20,11,11,13,8,2,3,3,1,1,1,2
2014,Fall,QMETH 201,Intro To Stat Mthds,"Studer-Ellis, Erich",113,2.8,11,19,15,15,17,9,5,4,2,2,2,3,9
2014,Fall,SOC 110,Survey Sociology,"Pitchford, Susan",185,2.9,25,41,28,24,20,19,7,4,5,1,1,7,3
2014,Fall,SOC 300,Found Soc Inquiry,"Kistner, Kelly",103,3.1,19,27,28,11,2,2,3,1,1,1,2,4,2
2014,Fall,SOC 351,Intimate Relatnshps,"Schwartz, Pepper J",52,2.6,4,9,6,8,4,3,5,2,2,1,1,4,3
2014,Winter,ARCH 150,Apprec Of Arch I,"Iarocci, Louisa M",688,3.4,256,175,71,75,44,21,12,8,3,4,1,6,12
2014,Winter,ARCH 151,Apprec Of Arch Ii,"Borys, Annmarie",621,3.3,98,250,105,41,62,14,7,10,1,2,2,7,22
2014,Winter,ART H 212,Chinese Art,"Wang, Haicheng",95,3,25,25,10,7,8,3,3,3,2,4,2,2,1
2014,Winter,ASTR 101,Astronomy,"Fraser, Oliver J.",87,2.9,9,30,11,10,3,5,1,2,1,2,1,6,6
2014,Winter,ATM S 101,Weather,"Wilton, Darren",131,3.1,16,40,23,18,15,7,4,2,1,1,1,1,2
2014,Winter,BIOC 406,Intro To Biochem,"Brzovic, Peter",692,2.8,55,107,91,108,98,89,65,46,17,4,2,5,5
2014,Winter,BIOL 180,Intro Biology,Janneke Hille Ris Lambers,587,2.8,46,97,75,95,102,56,34,29,13,5,4,13,18
2014,Winter,BIOL 200,Intro Biol,"Freeman, Scott",385,2.8,25,58,59,71,67,34,28,15,9,4,1,7,7
2014,Winter,BIOL 200,Intro Biol,"Freeman, Scott",371,2.8,32,58,64,51,66,34,25,22,5,2,1,7,4
2014,Winter,BIOL 355,Fndation Mol Cel Bio,"Wakimoto, Barbara",110,2.5,5,17,9,13,16,11,11,7,2,3,1,7,8
2014,Winter,CHEM 142,General Chemistry,"Li, Xiaosong",319,2.8,28,56,44,47,45,33,20,15,12,3,2,2,12
2014,Winter,CHEM 142,General Chemistry,"Carroll, Andrea D.",272,2.6,14,29,43,34,45,33,16,16,21,6,2,5,8
2014,Winter,CHEM 152,General Chemistry,"Chiu, Daniel T.",164,2.7,8,20,35,28,19,12,13,15,3,1,2,4,4
2014,Winter,CHEM 162,General Chemistry,"Wiegand, Deborah H",190,2.6,2,26,31,32,31,22,20,9,5,5,4,2,1
2014,Winter,CHEM 237,Organic Chemistry,"Bryant, Jasmine R.",402,2.7,44,51,52,61,54,38,35,24,14,8,3,9,9
2014,Winter,CHEM 312,Inorganic Chemistry,"Bryant, Jasmine R.",120,2.9,15,23,16,18,21,7,5,5,3,1,1,2,3
2014,Winter,CLAS 430,Grk & Rom Mythology,"Jones, Brandon F.",204,3,29,64,21,18,22,12,14,11,4,1,2,3,3
2014,Winter,COM 201,Intro To Comm I,"Beam, Randal A",403,3.1,83,104,61,42,50,20,13,10,4,1,5,4,6
2014,Winter,CSE 142,Computer Prgrmng I,"Reges, Stuart",600,2.6,45,97,77,81,96,41,26,36,12,8,8,44,29
2014,Winter,CSE 142,Computer Prgrmng I,"Reges, Stuart",322,2.7,34,62,46,36,41,18,16,16,10,4,4,24,11
2014,Winter,CSE 143,Computer Prgrmng Ii,"Obourn, Allison E",296,2.7,24,50,34,42,44,22,14,21,9,5,5,8,18
2014,Winter,CSE 143,Computer Prgrmng Ii,"Blank, Adam D",383,2.7,29,73,50,42,66,31,24,23,9,4,6,15,11
2014,Winter,ECON 200,Intro Microecon,"Ellis, Gregory M.",391,3.2,17,144,117,51,27,10,3,10,1,1,2,3,5
2014,Winter,ESS 100,Dinosaurs,"Martin, Ruth A.",650,3.1,90,164,104,101,74,39,22,10,5,5,5,14,17
2014,Winter,GEOG 123,Intro Globalization,"Farias, Monica Isabel",81,2.5,1,5,5,25,18,7,4,3,2,1,1,5,4
2014,Winter,GEOG 258,Digital Geographies,"Elwood-Faustino, Sarah A.",140,3.1,17,44,22,14,26,5,4,2,1,1,1,2,1
2014,Winter,GEOG 271,Geog Food & Eating,"Jarosz, Lucy A.",149,3.1,24,46,16,17,9,12,8,1,3,1,2,2,8
2014,Winter,GEOG 280,Geog And Health,"Mayer, Jonathan D",208,3.1,26,70,39,19,19,10,4,9,4,1,2,3,2
2014,Winter,LING 200,Intro Ling Thought,"Mcgarrity, Laura W",230,2.9,46,46,35,21,28,12,7,11,5,5,2,9,3
2014,Winter,MATH 111,Algebra With Appl,"Taggart, Jennifer",154,2.6,13,28,18,17,23,13,9,10,11,4,2,3,3
2014,Winter,MATH 120,Precalculus,"Ostroff, Jonah K",157,2.8,25,24,24,22,26,6,6,9,3,1,2,6,3
2014,Winter,MATH 124,Calc Analyt Geom I,"Perkins, Patrick",115,2.6,10,20,9,16,23,12,4,5,1,7,3,4,1
2014,Winter,MATH 125,Calc Analyt Geom Ii,"Loveless, Andrew",119,2.8,9,24,21,14,11,11,8,3,2,5,5,2,4
2014,Winter,MATH 125,Calc Analyt Geom Ii,"Bube, Kenneth P",170,2.9,20,28,27,30,20,8,11,12,3,2,1,3,5
2014,Winter,MATH 126,Calc Anyl Geom Iii,"Rothvoss, Thomas",158,2.7,12,36,17,23,12,18,11,14,4,2,1,5,3
2014,Winter,MATH 327,Intro Real Anlys I,"Taggart, Jennifer",47,2.5,4,4,6,5,5,4,5,4,3,1,1,2,3
2014,Winter,MATH 390,Stat Mthds Engr Sci,"Marzban, Caren",75,2.7,10,7,14,9,7,11,3,6,2,1,1,2,2
2014,Winter,MICROM 442,Med Bacteriology,"Cookson, Brad T",178,2.5,17,20,18,20,30,14,17,12,4,2,2,11,11
2014,Winter,MUSIC 160,American Folk Music,"Sunardi, Christina M.",222,3.5,129,35,19,10,11,4,1,5,3,1,1,2,1
2014,Winter,PHIL 100,Intro To Philosophy,"Marshall, Colin",194,3.1,56,43,26,12,10,13,9,3,3,2,2,8,7
2014,Winter,PHYS 114,General Physics,"Tolich, Kazumi",190,2.8,16,31,35,22,29,25,11,9,4,1,1,2,4
2014,Winter,PHYS 121,Mechanics,"Fu, Kai-Mei C",216,2.9,15,34,32,40,43,13,9,12,2,1,1,1,13
2014,Winter,PHYS 122,Electromagnetism,"Wiggins, Paul A",150,2.7,9,19,17,25,32,22,10,10,2,1,1,1,1
2014,Winter,PSYCH 101,Intro To Psych,"Voorhies, Ann C",430,3.3,198,58,46,38,25,19,17,11,3,6,1,5,3
2014,Winter,PSYCH 101,Intro To Psych,"Pickrell, Jacqueline E.",425,3.3,175,82,54,35,18,19,7,11,4,7,2,8,3
2014,Winter,PSYCH 202,Biopsych,"Graham, Lauren K",291,2.9,47,46,44,39,33,23,20,15,3,4,4,7,6
2014,Winter,PSYCH 205,Behavior Disorders,"Graham, Christina C",78,2.5,7,12,8,6,12,9,9,3,2,1,1,6,2
2014,Winter,PSYCH 209,Fdmntls Psych Rsch,"Passer, Michael W",190,3,31,47,30,14,25,12,9,3,2,2,6,5,4
2014,Winter,PSYCH 210,Human Sexuality,"Mcdermott, Lois J.",504,3.2,133,112,63,59,46,34,14,15,6,6,1,7,8
2014,Winter,PSYCH 322,Intro Drugs & Behav,"Diaz, Jaime",175,3.5,92,32,15,9,5,5,3,7,1,1,1,1,3
2014,Winter,SOC 352,The Family,"Sonnenberg, Bettina",100,2.8,12,13,13,18,16,9,6,2,3,2,1,1,4
2014,Winter,STAT 220,Prin Stat Reasoning,"Grove, Ranjini",148,2.9,13,38,33,15,15,6,5,6,4,2,1,7,3
2014,Spring,ARCH 150,Apprec Of Arch I,"Huppert, Ann C",510,3.3,119,133,66,64,52,9,11,7,2,2,1,9,35
2014,Spring,ARCHY 105,Human Past,"Cohen, Anna S",142,3.2,27,40,28,11,15,6,5,1,2,1,3,1,2
2014,Spring,BIOL 118,Survey Of Physiol,"Draper, Moon",330,2.9,47,51,42,55,49,30,20,15,6,2,2,4,7
2014,Spring,BIOL 180,Intro Biology,"Oaks, Jamie R.",402,2.8,28,70,64,59,71,31,20,13,9,4,4,8,21
2014,Spring,BIOL 200,Intro Biol,"Nemhauser, Jennifer L.",393,2.8,34,64,64,46,72,45,28,22,6,1,1,8,2
2014,Spring,BIOL 220,Intro Biol,"Doherty, Jennifer Helen",598,2.8,29,89,112,99,111,69,25,30,8,2,6,2,16
2014,Spring,BIOL 354,Evol And Systematics,"Herron, Jon",123,3.1,10,55,12,11,15,4,4,3,4,1,1,1,2
2014,Spring,BIOL 452,Vertebrate Biology,"Petersen, Karen E",71,2.8,6,4,27,12,5,5,4,1,1,2,1,2,1
2014,Spring,CHEM 142,General Chemistry,"Bryant, Jasmine R.",312,2.9,60,54,36,33,36,28,19,13,10,7,1,6,9
2014,Spring,CHEM 152,General Chemistry,"Keller, Sarah L.",332,2.7,26,39,42,39,69,48,33,21,2,2,1,1,9
2014,Spring,CHEM 152,General Chemistry,"O'malley, Kevin M.",295,2.5,7,25,32,55,66,35,22,24,12,7,2,5,3
2014,Spring,CHEM 238,Organic Chemistry,"Gelb, Michael H",308,2.5,13,24,37,37,43,36,40,32,15,3,4,5,19
2014,Spring,CHEM 239,Organic Chemistry,"Zalatan, Jesse G",299,2.8,28,45,28,39,73,45,17,16,2,2,1,2,1
2014,Spring,CHEM 239,Organic Chemistry,"Sasaki, Tomikazu",200,2.7,13,17,28,35,47,18,12,14,3,3,4,3,3
2014,Spring,CLAS 210,Grk Rom Clcs In Eng,"Levaniouk, Olga",70,2.9,13,15,8,9,6,3,2,1,4,2,1,3,3
2014,Spring,CLAS 430,Grk & Rom Mythology,"Zientek, Laura",235,3.2,62,67,29,13,14,14,8,8,5,1,1,4,9
2014,Spring,COM 202,Intro To Comm Ii,"Parks, Malcolm R",287,2.9,8,57,89,41,40,18,13,8,2,4,1,3,3
2014,Spring,CSE 142,Computer Prgrmng I,"Fung, Zorah L",368,2.6,28,57,52,39,52,17,30,16,8,4,3,34,28
2014,Spring,CSE 142,Computer Prgrmng I,"Fung, Zorah L",311,2.6,30,58,42,26,35,27,16,21,10,6,3,19,18
2014,Spring,CSE 143,Computer Prgrmng Ii,"Blank, Adam D",482,2.8,43,84,62,67,71,38,22,26,11,6,7,17,28
2014,Spring,CSE 154,Web Programming,"Obourn, Allison E",307,3,39,69,50,55,30,18,4,10,3,3,3,7,16
2014,Spring,EPI 201,Outbreak,"Baseman, Janet G.",80,2.9,6,16,17,11,13,5,3,1,2,2,1,2,1
2014,Spring,GENOME 361,Fund Gen & Genomics,"Dunham, Maitreya J",331,2.7,23,51,51,36,64,31,24,23,12,8,1,1,6
2014,Spring,GWSS 357,Psychobiol Of Women,"Kenney, Nancy J",96,3,22,18,13,9,12,10,1,4,1,1,3,1,1
2014,Spring,MATH 124,Calc Analyt Geom I,"Perkins, Patrick",89,2.7,8,11,9,10,23,12,7,4,1,1,1,1,1
2014,Spring,MATH 124,Calc Analyt Geom I,"Collingwood, David H",87,2.4,5,8,8,8,14,6,3,10,3,5,6,2,9
2014,Spring,MATH 126,Calc Anyl Geom Iii,"Ostroff, Jonah K",156,2.9,23,27,25,20,18,11,12,7,2,1,3,3,4
2014,Spring,MATH 126,Calc Anyl Geom Iii,"Novik, Isabella",115,2.8,10,15,17,17,23,9,8,5,4,1,1,1,4
2014,Spring,MICROM 301,Gen Microbiology,"Anderson, Denise G",269,2.8,23,48,34,42,45,26,16,11,10,3,1,7,3
2014,Spring,MUSIC 162,Amer Pop Song,"Dudley, Shannon K.",602,3.5,333,111,46,31,31,15,7,9,4,1,4,1,9
2014,Spring,PHYS 116,General Physics,"Gladycheva, Svetlana",193,3,24,32,31,35,27,21,11,4,1,2,1,1,3
2014,Spring,PHYS 121,Mechanics,"Reid, James H",238,2.9,16,46,48,33,36,26,11,1,4,1,1,3,12
2014,Spring,PHYS 122,Electromagnetism,"Seidler, Gerald T.",172,2.7,16,20,18,27,31,17,13,12,3,1,1,3,10
2014,Spring,PHYS 123,Waves,"Pedigo, R. Daryl",182,2.8,12,23,34,36,36,9,12,6,3,4,1,2,4
2014,Spring,PSYCH 101,Intro To Psych,"Graham, Lauren K",278,3,77,44,38,30,25,15,7,14,3,5,2,16,2
2014,Spring,PSYCH 101,Intro To Psych,"Osterhout, Lee",349,3.3,73,110,61,44,25,3,10,8,1,4,1,3,6
2014,Spring,PSYCH 210,Human Sexuality,"Mcdermott, Lois J.",390,3.1,75,97,57,46,42,27,17,6,4,5,1,8,5
2014,Spring,QMETH 201,Intro To Stat Mthds,"Studer-Ellis, Erich",112,2.7,9,22,12,14,19,7,8,4,3,4,2,3,5
2014,Spring,SOC 212,Comp Social Change,"Kistner, Kelly",131,2.6,9,34,11,12,13,14,15,5,5,1,1,9,2
2014,Spring,STAT 220,Prin Stat Reasoning,"Grove, Ranjini",152,2.7,6,32,20,20,28,9,7,6,5,2,1,10,6
2014,Spring,STAT 311,Elemnts Stat Method,"Morris, Martina",152,2.8,12,23,21,31,30,7,9,4,1,2,4,4,4
2014,Summer,ACCTG 215,Acctg & Fin Reprtng,"Weber, Elizabeth",123,2.9,11,32,15,19,18,5,5,4,3,2,1,4,4
2014,Summer,CHEM 242,Organic Chem Lab,"Goldman, Lawrence M",124,3,14,35,16,21,16,7,2,3,2,2,1,2,3
2014,Summer,CSE 142,Computer Prgrmng I,"Thayer, Kyle M",131,2.8,11,27,23,18,10,8,8,7,1,1,1,8,8
2014,Summer,CSE 143,Computer Prgrmng Ii,"Porter, Riley Marguerite",112,2.7,8,18,17,19,12,11,2,2,4,3,1,6,9
2014,Summer,MICROM 301,Gen Microbiology,"Beins, Almira S",92,2.8,12,19,7,10,14,4,7,4,3,2,1,2,7
2014,Summer,MUSIC 116,Elem Music Theory,"Halsey, Lauren Brooke",76,2.5,17,5,3,7,8,5,8,4,7,4,1,4,3
2015,Fall,ACCTG 225,Managerial Acctg,"Paperman, Joseph",155,2.9,10,30,24,33,30,5,5,4,4,3,1,2,4
2015,Fall,AIS 102,Surv Am Indn Stdys,"Teuton, Christopher",118,3.1,17,38,20,12,11,1,2,7,2,1,1,3,3
2015,Fall,ASTR 150,The Planets,"Smith, Toby R.",233,3.1,35,69,40,34,23,4,9,4,5,3,1,3,3
2015,Fall,BIOC 440,Biochemistry,"Klevit, Rachel",319,2.9,33,55,38,52,74,37,9,4,4,4,2,4,3
2015,Fall,BIOL 118,Survey Of Physiol,"Petersen, Karen E",375,2.8,18,47,103,68,43,18,9,15,13,6,6,7,22
2015,Fall,BIOL 180,Intro Biology,"Freeman, Scott",485,2.8,30,82,69,77,78,45,35,23,6,4,2,14,20
2015,Fall,BIOL 200,Intro Biol,"Schivell, Amanda",305,2.8,23,48,47,43,49,23,24,24,6,1,2,3,12
2015,Fall,BIOL 220,Intro Biol,"Doherty, Jennifer Helen",308,2.8,24,40,47,48,52,31,25,15,7,2,1,3,13
2015,Fall,BIOL 350,Foundtns Physiology,"Wenderoth, Mary P",103,2.6,9,10,8,17,17,6,9,13,3,2,2,2,5
2015,Fall,BIOL 404,Animal Cell Physiol,"De La Iglesia, Horacio O.",116,2.6,9,15,22,14,14,8,11,7,4,1,1,8,2
2015,Fall,BIOL 497,Special Topics,"Garland, Alaina L",68,3,12,15,10,5,9,3,2,2,1,1,1,2,5
2015,Fall,CHEM 142,General Chemistry,"Li, Xiaosong",609,2.7,84,80,66,56,105,68,50,54,20,9,2,7,8
2015,Fall,CHEM 142,General Chemistry,"Ginger, David S.",573,2.5,36,63,56,78,80,64,51,61,24,14,7,22,17
2015,Fall,CHEM 142,General Chemistry,"Wiegand, Deborah H",324,2.6,12,28,42,47,66,45,24,19,12,9,2,5,13
2015,Fall,CHEM 142,General Chemistry,"Carroll, Andrea D.",566,2.7,43,96,73,56,109,52,39,51,16,11,4,8,8
2015,Fall,CHEM 162,General Chemistry,"Craig, Colleen",318,2.7,8,39,50,62,64,30,26,21,9,1,1,4,3
2015,Fall,CHEM 223,Org Chem Short Prog,"Goldman, Lawrence M",162,2.7,37,15,17,12,24,13,14,12,2,4,3,6,3
2015,Fall,CHEM 237,Organic Chemistry,"Bryant, Jasmine R.",305,2.8,32,56,45,49,35,23,23,19,7,3,2,9,2
2015,Fall,CHEM 238,Organic Chemistry,"Gelb, Michael H",120,2.5,23,12,7,17,9,5,7,13,7,2,1,13,4
2015,Fall,CHEM 312,Inorganic Chemistry,"Bryant, Jasmine R.",103,3,12,25,17,16,12,5,3,3,2,2,1,2,3
2015,Fall,COM 202,Intro To Comm Ii,"Parks, Malcolm R",300,2.9,13,53,92,49,31,15,9,12,6,3,3,6,8
2015,Fall,CSE 142,Computer Prgrmng I,"Reges, Stuart",416,2.7,35,79,61,47,48,33,20,17,12,4,7,24,29
2015,Fall,CSE 142,Computer Prgrmng I,"Reges, Stuart",661,2.6,55,109,113,87,77,41,34,26,26,8,8,51,26
2015,Fall,ECON 201,Intro Macroecon,"O'dea, Dennis C",353,3,36,82,84,42,46,16,8,8,5,5,3,5,13
2015,Fall,GENOME 361,Fund Gen & Genomics,"Cheong, Frances Ka Yan",147,2.6,11,20,20,17,21,16,7,12,10,3,1,5,4
2015,Fall,GENOME 371,Intro Genetics,"Raghuraman, M. K.",193,2.8,20,30,23,20,31,17,18,8,4,4,3,3,12
2015,Fall,GEOG 245,Geodemographics,"Withers, Suzanne D",100,2.7,2,23,19,22,8,6,3,5,1,1,1,8,1
2015,Fall,GEOG 315,Explan Undstn Geog,"Brown, Michael",67,2.6,10,7,7,10,10,2,4,1,1,3,1,7,4
2015,Fall,ISS 301,So Sci Theory Ctext,"Nichols, Lauren Hartzell",80,3.2,34,9,9,2,4,1,2,2,1,2,1,4,9
2015,Fall,LING 100,Fund Of Grammar,"Curtis, Emily",188,3.2,61,29,22,19,25,8,3,8,2,2,1,4,4
2015,Fall,MATH 111,Algebra With Appl,"Loveless, Andrew",145,3,32,30,23,13,14,10,5,4,6,3,2,1,2
2015,Fall,MATH 120,Precalculus,"Bekyel, Ebru",151,2.6,7,20,23,20,20,8,12,16,6,5,2,3,9
2015,Fall,MATH 124,Calc Analyt Geom I,"Koblitz, Neal I",106,2.7,12,14,13,14,15,7,5,6,5,1,2,2,10
2015,Fall,MATH 124,Calc Analyt Geom I,"Viray, Bianca",117,2.8,8,21,18,11,23,10,5,4,2,1,3,2,9
2015,Fall,MATH 124,Calc Analyt Geom I,"Ostroff, Jonah K",117,2.9,20,20,10,16,19,14,7,5,1,2,1,1,1
2015,Fall,MATH 124,Calc Analyt Geom I,"Collingwood, David H",134,2.8,15,19,29,17,12,18,7,4,2,2,2,3,4
2015,Fall,MATH 125,Calc Analyt Geom Ii,"Pollack, Daniel",118,2.7,9,19,13,15,20,18,5,7,2,3,1,4,2
2015,Fall,MATH 126,Calc Anyl Geom Iii,"Taggart, Jennifer",150,2.7,15,26,15,14,20,16,10,16,3,4,2,3,6
2015,Fall,MATH 126,Calc Anyl Geom Iii,"Taggart, Jennifer",153,2.8,18,30,18,18,23,10,8,4,4,6,3,4,7
2015,Fall,MATH 308,Matrix Algebra,"Smith, S Paul",47,2.6,5,5,5,8,4,5,1,5,1,2,2,1,3
2015,Fall,MATH 327,Intro Real Anlys I,"Taggart, Jennifer",49,2.5,8,6,1,4,7,2,9,4,1,1,2,2,2
2015,Fall,MGMT 200,Introduction To Law,"Mccormack, Timothy B.",148,2.9,22,21,27,22,21,7,7,9,1,4,1,3,3
2015,Fall,MUSIC 120,Survey Of Music,"Martin, Leann Wheless",175,3.5,89,45,7,8,1,1,3,1,1,1,2,4,12
2015,Fall,PHYS 121,Mechanics,"Pedigo, R. Daryl",226,2.8,23,26,34,26,45,27,12,8,4,1,1,4,15
2015,Fall,PHYS 122,Electromagnetism,"Tolich, Nikolai",238,2.9,21,33,38,46,39,27,21,4,1,1,1,1,5
2015,Fall,PHYS 123,Waves,"Goussiou, Anna",228,2.8,14,43,36,32,46,25,17,4,2,1,3,3,2
2015,Fall,POL S 201,Intro Pol Theory,"Taylor, Kirstine S.",180,3.1,24,58,30,27,16,3,5,3,3,1,2,3,5
2015,Fall,PSYCH 101,Intro To Psych,"Passer, Michael W",238,2.9,47,45,30,24,19,20,13,14,5,6,2,8,5
2015,Fall,PSYCH 101,Intro To Psych,"Graham, Lauren K",318,3,75,68,42,34,31,14,10,13,7,5,7,7,5
2015,Fall,PSYCH 202,Biopsych,"Graham, Lauren K",294,3,52,64,48,28,31,20,14,13,5,2,5,6,6
2015,Fall,Q SCI 381,Intro Probabil&Stat,"Gallucci, Vincent F",128,2.6,6,12,16,18,28,14,14,7,7,1,1,2,2
2015,Fall,SOC 110,Survey Sociology,"Pitchford, Susan",179,3,10,53,37,27,24,8,7,1,2,2,1,2,5
2015,Fall,SOC 287,Soc Of Sexuality,"Schwartz, Pepper J",167,3,23,42,20,24,24,9,9,5,2,1,3,1,4
2015,Winter,ART H 202,West Art Med & Ren,"Lingo, Stuart P",137,2.7,8,38,31,8,14,6,4,6,4,4,3,9,2
2015,Winter,ASTR 150,The Planets,"Silvestri, Nicole M.",235,3.2,15,93,62,27,10,6,6,4,1,2,1,4,4
2015,Winter,ATM S 101,Weather,"Warner, Michael David",207,2.8,25,29,23,38,30,21,20,7,3,2,1,3,5
2015,Winter,BIOC 406,Intro To Biochem,"Brzovic, Peter",680,2.8,62,112,104,90,115,66,47,51,11,6,3,5,8
2015,Winter,BIOL 180,Intro Biology,"Dooley, Frederick Daniel",583,2.7,41,79,88,92,108,63,35,19,8,9,3,17,21
2015,Winter,BIOL 200,Intro Biol,"Wiggins, Ben",354,2.8,30,47,60,59,60,34,16,21,7,8,2,5,5
2015,Winter,BIOL 200,Intro Biol,"Wiggins, Ben",378,2.8,34,60,59,51,62,48,18,17,6,5,3,6,9
2015,Winter,BIOL 220,Intro Biol,"Mcabee, Jessica",161,2.8,8,16,31,29,35,19,11,4,2,1,2,2,1
2015,Winter,BIOL 355,Fndation Mol Cel Bio,"Wakimoto, Barbara",90,2.8,11,18,9,8,7,5,10,2,2,1,3,2,12
2015,Winter,CHEM 142,General Chemistry,"Craig, Colleen",328,2.7,7,46,58,56,69,28,32,16,10,2,2,1,1
2015,Winter,CHEM 142,General Chemistry,"Carroll, Andrea D.",224,2.6,12,30,28,36,31,23,15,22,10,4,1,8,4
2015,Winter,CHEM 152,General Chemistry,"Chiu, Daniel T.",407,2.8,26,70,77,83,46,25,20,24,17,4,3,9,3
2015,Winter,CHEM 152,General Chemistry,"Chiu, Daniel T.",506,2.8,43,84,86,65,78,48,28,34,9,7,3,11,10
2015,Winter,CHEM 162,General Chemistry,"Turecek, Frantisek",185,2.8,12,24,28,37,38,15,11,10,2,3,1,3,1
2015,Winter,CHEM 220,Principles Chem Ii,"Wiegand, Deborah H",301,2.6,12,31,36,46,67,38,33,14,11,2,3,2,6
2015,Winter,CHEM 224,Org Chem Short Prog,"Goldman, Lawrence M",128,2.7,18,20,14,10,16,13,9,14,1,6,1,3,3
2015,Winter,CHEM 237,Organic Chemistry,"Bryant, Jasmine R.",394,2.7,35,62,48,53,54,55,35,13,8,4,7,8,12
2015,Winter,CHEM 238,Organic Chemistry,"Sasaki, Tomikazu",123,2.7,11,10,21,21,18,16,10,7,1,1,1,4,2
2015,Winter,CHEM 238,Organic Chemistry,"Lalic, Gojko",259,2.6,18,36,24,28,46,32,21,35,8,4,3,1,3
2015,Winter,CHEM 238,Organic Chemistry,"Maly, Dustin James",296,2.7,29,26,36,38,47,55,32,20,6,1,1,1,4
2015,Winter,CSE 142,Computer Prgrmng I,"Fung, Zorah L",353,2.5,26,57,49,35,40,24,21,12,12,7,7,34,29
2015,Winter,CSE 142,Computer Prgrmng I,"Fung, Zorah L",324,2.8,33,50,55,48,48,21,12,13,6,8,2,15,13
2015,Winter,CSE 142,Computer Prgrmng I,"Fung, Zorah L",271,2.8,28,54,42,41,26,18,11,11,6,5,4,14,11
2015,Winter,CSE 143,Computer Prgrmng Ii,"Reges, Stuart",269,2.7,27,40,37,43,27,23,24,17,6,2,1,12,10
2015,Winter,CSE 154,Web Programming,"Obourn, Allison E",285,3,36,66,57,44,23,3,13,8,2,1,5,11,16
2015,Winter,ESRM 321,Sustainable Finance,"Paun, Dorothy",99,2.9,8,32,13,10,15,1,5,3,2,1,1,4,4
2015,Winter,ESS 100,Dinosaurs,"Martin, Ruth A.",664,3.1,57,206,187,92,32,25,14,10,6,6,1,12,16
2015,Winter,ESS 106,Living With Volcano,"Harrell, Michael D",206,3,43,57,23,14,20,13,6,7,4,4,2,7,6
2015,Winter,GWSS 257,Psych Of Gender,"Voorhies, Ann C",92,3,13,22,17,8,13,8,3,2,1,1,1,2,1
2015,Winter,LING 100,Fund Of Grammar,"Surek-Clark, Clarissa",87,3.2,35,16,10,4,5,4,2,4,1,1,2,2,1
2015,Winter,LING 200,Intro Ling Thought,"Mcgarrity, Laura W",203,3.1,61,39,30,12,21,6,7,9,9,2,1,3,3
2015,Winter,MATH 111,Algebra With Appl,"Taggart, Jennifer",158,2.8,28,31,14,22,15,5,11,6,10,5,2,5,4
2015,Winter,MATH 111,Algebra With Appl,"Taggart, Jennifer",152,2.9,32,27,22,14,16,8,10,3,10,3,1,2,4
2015,Winter,MATH 120,Precalculus,"Ostroff, Jonah K",157,2.9,14,24,26,32,34,1,3,6,5,3,2,2,5
2015,Winter,MATH 124,Calc Analyt Geom I,"Koblitz, Neal I",90,2.5,6,11,8,13,12,4,11,7,4,8,2,1,3
2015,Winter,MATH 124,Calc Analyt Geom I,"Koblitz, Neal I",90,2.8,14,18,11,7,11,4,5,7,1,4,1,2,5
2015,Winter,MATH 124,Calc Analyt Geom I,"Loveless, Andrew",89,2.8,11,19,10,15,7,6,6,7,2,1,2,1,2
2015,Winter,MATH 124,Calc Analyt Geom I,"Collingwood, David H",148,2.7,12,14,19,16,25,13,18,8,4,3,1,1,14
2015,Winter,MATH 125,Calc Analyt Geom Ii,"Pollack, Daniel",119,2.8,25,16,12,16,22,4,5,4,2,4,1,6,2
2015,Winter,MATH 125,Calc Analyt Geom Ii,"Duchamp, Thomas E",116,2.5,12,12,10,24,10,9,8,5,9,1,4,6,6
2015,Winter,MATH 125,Calc Analyt Geom Ii,"Duchamp, Thomas E",115,2.8,14,24,16,17,12,7,8,6,4,2,2,2,1
2015,Winter,MATH 126,Calc Anyl Geom Iii,"Loveless, Andrew",157,2.8,22,29,12,26,29,10,7,2,5,5,2,6,2
2015,Winter,MATH 126,Calc Anyl Geom Iii,"Loveless, Andrew",159,2.9,20,32,24,20,23,9,9,4,3,3,5,2,5
2015,Winter,MATH 308,Matrix Algebra,"Smith, S Paul",43,2,2,3,2,5,3,2,3,9,2,5,3,2,2
2015,Winter,MATH 308,Matrix Algebra,"Smith, S Paul",50,2.3,7,7,3,1,3,1,5,9,2,2,6,1,3
2015,Winter,MATH 327,Intro Real Anlys I,"Mcgonagle, Matthew W",46,2.7,4,7,7,3,6,3,5,1,1,1,1,1,6
2015,Winter,MUSIC 116,Elem Music Theory,"Archibald-Seiffer, Joshua",201,3.3,95,37,16,7,9,3,6,4,6,6,1,5,6
2015,Winter,MUSIC 185,The Concert Season,"Cruz, Julio",381,3.6,214,101,15,11,9,1,3,2,1,3,1,12,8
2015,Winter,PHIL 120,Intro To Logic,"Weller, Cass",170,3.1,44,39,20,21,8,6,9,3,2,1,2,9,6
2015,Winter,PHYS 121,Mechanics,"Tolich, Nikolai",230,2.9,25,51,38,32,26,17,16,10,2,1,1,4,7
2015,Winter,PHYS 122,Electromagnetism,"Sharpe, Stephen R.",159,2.8,11,26,23,30,21,14,13,7,1,2,1,2,8
2015,Winter,PHYS 123,Waves,"Reid, James H",192,2.9,26,30,31,32,28,10,15,8,2,1,1,7,1
2015,Winter,PSYCH 101,Intro To Psych,"Pickrell, Jacqueline E.",437,3.4,177,104,51,38,29,15,5,2,3,3,1,2,7
2015,Winter,PSYCH 202,Biopsych,"Olavarria, Jaime F",285,3.1,37,59,66,42,35,16,11,3,1,1,2,5,7
2015,Winter,PSYCH 205,Behavior Disorders,"Graham, Christina C",103,2.6,17,11,8,9,17,5,8,8,5,3,1,4,7
2015,Winter,PSYCH 206,Human Development,"Ha, Renee Robinette",116,2.8,11,16,14,22,26,6,8,2,3,1,1,4,2
2015,Winter,PSYCH 209,Fdmntls Psych Rsch,"Passer, Michael W",191,3,30,41,33,30,27,4,5,7,5,1,2,4,2
2015,Winter,QMETH 201,Intro To Stat Mthds,"Pilcher, Martha",115,2.9,16,21,17,12,20,9,7,5,1,1,1,1,4
2015,Winter,QMETH 201,Intro To Stat Mthds,"Pilcher, Martha",110,2.8,17,13,15,19,14,7,7,5,2,2,2,3,4
2015,Winter,SOC 271,Soc Deve/Soc Cntrl,"Burt, Callie",190,2.7,6,36,30,31,33,16,15,8,5,4,1,4,1
